{"stats":{"minecraft:used":{"minecraft:wooden_axe":8,"minecraft:stone_pickaxe":94,"minecraft:oak_planks":4,"minecraft:chest":2,"minecraft:iron_sword":4,"minecraft:cooked_chicken":1,"minecraft:dirt":3,"minecraft:crafting_table":2},"minecraft:custom":{"minecraft:time_since_rest":18687,"minecraft:sprint_one_cm":19464,"minecraft:damage_taken":161,"minecraft:walk_one_cm":14741,"minecraft:mob_kills":1,"minecraft:damage_dealt":200,"minecraft:talked_to_villager":1,"minecraft:interact_with_crafting_table":2,"minecraft:fly_one_cm":159349,"minecraft:open_chest":7,"minecraft:crouch_one_cm":4541,"minecraft:play_one_minute":18687,"minecraft:sneak_time":2855,"minecraft:walk_under_water_one_cm":2011,"minecraft:jump":169,"minecraft:leave_game":2,"minecraft:walk_on_water_one_cm":722,"minecraft:time_since_death":18687,"minecraft:fall_one_cm":4790},"minecraft:picked_up":{"minecraft:stick":4,"minecraft:crafting_table":1,"minecraft:andesite":1,"minecraft:diorite":1,"minecraft:spruce_sapling":69,"minecraft:golden_boots":1,"minecraft:spruce_log":12,"minecraft:dirt":3,"minecraft:iron_leggings":3,"minecraft:flint_and_steel":1,"minecraft:spruce_planks":16,"minecraft:iron_ore":22,"minecraft:obsidian":3,"minecraft:iron_sword":2,"minecraft:coal":18,"minecraft:rail":5,"minecraft:cobblestone":44},"minecraft:killed":{"minecraft:skeleton":1},"minecraft:mined":{"minecraft:iron_ore":22,"minecraft:spruce_log":12,"minecraft:andesite":1,"minecraft:crafting_table":1,"minecraft:grass_block":3,"minecraft:coal_ore":18,"minecraft:rail":5,"minecraft:spruce_leaves":1,"minecraft:stone":46,"minecraft:diorite":1},"minecraft:crafted":{"minecraft:oak_planks":256,"minecraft:crafting_table":1,"minecraft:spruce_planks":24,"minecraft:stick":8,"minecraft:wooden_pickaxe":1,"minecraft:wooden_axe":1}},"DataVersion":2578}