{"stats":{"minecraft:used":{"minecraft:enchanting_table":1,"minecraft:flint_and_steel":3,"minecraft:redstone":10,"minecraft:oak_sign":14,"minecraft:chest":44,"minecraft:shield":70,"minecraft:iron_sword":34,"minecraft:zombie_spawn_egg":2,"minecraft:cooked_chicken":29,"minecraft:stone_hoe":82,"minecraft:spruce_leaves":2,"minecraft:torch":3,"minecraft:dirt":145,"minecraft:anvil":3,"minecraft:hopper":14,"minecraft:carrot":105,"minecraft:obsidian":48,"minecraft:glass":408,"minecraft:wooden_axe":8,"minecraft:honey_block":2,"minecraft:lava_bucket":6,"minecraft:villager_spawn_egg":24,"minecraft:bookshelf":25,"minecraft:iron_block":97,"minecraft:iron_axe":18,"minecraft:polished_andesite_stairs":135,"minecraft:repeater":5,"minecraft:birch_trapdoor":19,"minecraft:bow":22,"minecraft:furnace":1,"minecraft:cooked_mutton":18,"minecraft:water_bucket":13,"minecraft:stone_pickaxe":122,"minecraft:oak_planks":26,"minecraft:composter":1,"minecraft:sugar_cane":84,"minecraft:diamond_axe":230,"minecraft:fletching_table":4,"minecraft:stonecutter":1,"minecraft:golden_apple":1,"minecraft:sand":55,"minecraft:comparator":7,"minecraft:crafting_table":5,"minecraft:blast_furnace":2,"minecraft:white_bed":12,"minecraft:creeper_spawn_egg":4,"minecraft:redstone_torch":2,"minecraft:sticky_piston":1,"minecraft:lever":4,"minecraft:diamond_pickaxe":400,"minecraft:diamond_shovel":290,"minecraft:iron_pickaxe":358,"minecraft:lectern":6,"minecraft:polished_andesite_slab":18,"minecraft:stone_axe":1,"minecraft:diamond_sword":129,"minecraft:fishing_rod":12,"minecraft:cobblestone":80,"minecraft:grindstone":7,"minecraft:smithing_table":3,"minecraft:bucket":14,"minecraft:smooth_stone_slab":29,"minecraft:oak_boat":9,"minecraft:bone_meal":186,"minecraft:smooth_stone":347},"minecraft:custom":{"minecraft:interact_with_smithing_table":1,"minecraft:interact_with_anvil":7,"minecraft:mob_kills":40,"minecraft:inspect_hopper":1,"minecraft:interact_with_crafting_table":69,"minecraft:bell_ring":3,"minecraft:damage_dealt_resisted":538,"minecraft:leave_game":23,"minecraft:time_since_death":93623,"minecraft:sprint_one_cm":284836,"minecraft:walk_one_cm":406864,"minecraft:damage_blocked_by_shield":1756,"minecraft:drop":84,"minecraft:talked_to_villager":54,"minecraft:deaths":7,"minecraft:sneak_time":15315,"minecraft:walk_under_water_one_cm":2257,"minecraft:boat_one_cm":5829,"minecraft:jump":3093,"minecraft:walk_on_water_one_cm":11927,"minecraft:enchant_item":21,"minecraft:interact_with_furnace":18,"minecraft:traded_with_villager":10,"minecraft:play_one_minute":432967,"minecraft:interact_with_grindstone":5,"minecraft:sleep_in_bed":9,"minecraft:time_since_rest":86882,"minecraft:damage_absorbed":40,"minecraft:damage_taken":4955,"minecraft:damage_dealt":12805,"minecraft:swim_one_cm":1522,"minecraft:fly_one_cm":1395696,"minecraft:open_chest":125,"minecraft:crouch_one_cm":27565,"minecraft:fall_one_cm":83530},"minecraft:picked_up":{"minecraft:spruce_leaves":10,"minecraft:crafting_table":1,"minecraft:iron_chestplate":2,"minecraft:wheat":1,"minecraft:azure_bluet":1,"minecraft:anvil":1,"minecraft:enchanted_book":2,"minecraft:shield":4,"minecraft:string":7,"minecraft:iron_axe":3,"minecraft:flint_and_steel":2,"minecraft:iron_leggings":5,"minecraft:diamond_leggings":3,"minecraft:gold_nugget":54,"minecraft:comparator":7,"minecraft:spruce_planks":26,"minecraft:oak_boat":1,"minecraft:redstone_torch":2,"minecraft:poppy":3,"minecraft:iron_pickaxe":6,"minecraft:sugar_cane":233,"minecraft:chest":10,"minecraft:iron_boots":2,"minecraft:furnace":19,"minecraft:stick":4,"minecraft:composter":1,"minecraft:oak_fence":1,"minecraft:torch":2,"minecraft:diorite":50,"minecraft:carrot":64,"minecraft:redstone":298,"minecraft:arrow":6,"minecraft:rotten_flesh":30,"minecraft:diamond_chestplate":3,"minecraft:diamond_boots":3,"minecraft:hay_block":7,"minecraft:iron_block":9,"minecraft:bookshelf":11,"minecraft:obsidian":10,"minecraft:rail":5,"minecraft:cobblestone":683,"minecraft:oxeye_daisy":2,"minecraft:repeater":7,"minecraft:water_bucket":1,"minecraft:andesite":48,"minecraft:leather":128,"minecraft:potato":9,"minecraft:flint":3,"minecraft:oak_log":24,"minecraft:golden_boots":1,"minecraft:lapis_lazuli":145,"minecraft:dirt":218,"minecraft:cooked_mutton":50,"minecraft:bone":4,"minecraft:apple":7,"minecraft:bow":3,"minecraft:wheat_seeds":18,"minecraft:warped_stem":59,"minecraft:iron_ingot":68,"minecraft:cooked_chicken":102,"minecraft:iron_ore":54,"minecraft:diamond_helmet":2,"minecraft:glowstone_dust":17,"minecraft:iron_sword":3,"minecraft:oak_planks":196,"minecraft:book":6,"minecraft:polished_andesite_stairs":1,"minecraft:warped_fungus":1,"minecraft:dandelion":1,"minecraft:gravel":14,"minecraft:sand":60,"minecraft:spruce_sapling":70,"minecraft:grass_block":63,"minecraft:white_bed":1,"minecraft:spruce_log":12,"minecraft:spider_eye":1,"minecraft:diamond_shovel":1,"minecraft:slime_ball":55,"minecraft:diamond":74,"minecraft:slime_block":49,"minecraft:lever":5,"minecraft:honey_block":1,"minecraft:iron_helmet":2,"minecraft:granite":39,"minecraft:diamond_axe":1,"minecraft:bread":4,"minecraft:warped_roots":1,"minecraft:netherrack":13,"minecraft:coal":30,"minecraft:hopper":2,"minecraft:diamond_pickaxe":1},"minecraft:broken":{"minecraft:iron_pickaxe":1},"minecraft:killed":{"minecraft:cave_spider":1,"minecraft:zombified_piglin":3,"minecraft:spider":2,"minecraft:skeleton":4,"minecraft:iron_golem":6,"minecraft:zombie":19,"minecraft:villager":4,"minecraft:enderman":1},"minecraft:dropped":{"minecraft:water_bucket":1,"minecraft:enchanted_book":2,"minecraft:diamond_axe":1,"minecraft:lapis_lazuli":32,"minecraft:diamond":4,"minecraft:diamond_leggings":1,"minecraft:iron_helmet":1,"minecraft:observer":128,"minecraft:leather":128,"minecraft:redstone_lamp":1,"minecraft:dirt":2,"minecraft:iron_leggings":1,"minecraft:sand":8,"minecraft:polished_andesite_stairs":1,"minecraft:iron_axe":1,"minecraft:iron_pickaxe":2,"minecraft:string":2,"minecraft:cooked_chicken":37,"minecraft:oak_planks":23,"minecraft:iron_boots":1,"minecraft:diamond_shovel":1,"minecraft:carrot":320,"minecraft:potato":3,"minecraft:tipped_arrow":2,"minecraft:diamond_chestplate":1,"minecraft:diamond_pickaxe":1,"minecraft:iron_chestplate":1,"minecraft:chest":2,"minecraft:diamond_boots":1,"minecraft:powered_rail":192},"minecraft:crafted":{"minecraft:oak_planks":860,"minecraft:oak_sign":6,"minecraft:furnace":24,"minecraft:piston":16,"minecraft:lever":1,"minecraft:diamond_shovel":1,"minecraft:bookshelf":12,"minecraft:hopper":12,"minecraft:diamond_helmet":1,"minecraft:repeater":6,"minecraft:bow":1,"minecraft:diamond_leggings":1,"minecraft:iron_boots":1,"minecraft:iron_axe":1,"minecraft:slime_ball":128,"minecraft:comparator":5,"minecraft:chest":23,"minecraft:diamond_boots":1,"minecraft:wheat":63,"minecraft:diamond_sword":1,"minecraft:emerald":9,"minecraft:diamond_axe":1,"minecraft:crafting_table":1,"minecraft:spruce_planks":24,"minecraft:enchanting_table":1,"minecraft:wooden_pickaxe":1,"minecraft:iron_helmet":1,"minecraft:sticky_piston":16,"minecraft:bucket":9,"minecraft:air":0,"minecraft:oak_boat":1,"minecraft:paper":105,"minecraft:iron_chestplate":1,"minecraft:book":34,"minecraft:diamond_pickaxe":1,"minecraft:stick":372,"minecraft:iron_ingot":43,"minecraft:iron_pickaxe":1,"minecraft:wooden_axe":1,"minecraft:iron_block":88,"minecraft:redstone_torch":29,"minecraft:diamond_chestplate":1},"minecraft:mined":{"minecraft:nether_gold_ore":7,"minecraft:diamond_ore":27,"minecraft:white_bed":1,"minecraft:lever":2,"minecraft:granite":19,"minecraft:grass_block":145,"minecraft:redstone_wire":2,"minecraft:spruce_leaves":16,"minecraft:composter":1,"minecraft:hopper":2,"minecraft:oxeye_daisy":1,"minecraft:hay_block":7,"minecraft:redstone_ore":27,"minecraft:glowstone":6,"minecraft:iron_ore":43,"minecraft:andesite":24,"minecraft:anvil":1,"minecraft:bookshelf":1,"minecraft:rail":6,"minecraft:warped_stem":59,"minecraft:stone":511,"minecraft:iron_block":9,"minecraft:glass_pane":1,"minecraft:comparator":5,"minecraft:crafting_table":2,"minecraft:honey_block":1,"minecraft:warped_roots":1,"minecraft:chest":8,"minecraft:tall_grass":4,"minecraft:glass":2,"minecraft:cobblestone":110,"minecraft:lapis_ore":4,"minecraft:oak_planks":9,"minecraft:sugar_cane":170,"minecraft:diorite":20,"minecraft:repeater":1,"minecraft:redstone_torch":2,"minecraft:spruce_log":12,"minecraft:warped_fungus":1,"minecraft:grass_path":39,"minecraft:grass":50,"minecraft:oak_log":25,"minecraft:coal_ore":18,"minecraft:sand":56,"minecraft:gravel":8,"minecraft:dirt":42,"minecraft:netherrack":20,"minecraft:oak_leaves":1},"minecraft:killed_by":{"minecraft:player":3,"minecraft:iron_golem":1,"minecraft:zombie":1}},"DataVersion":2578}