{"stats":{"minecraft:custom":{"minecraft:interact_with_crafting_table":70,"minecraft:bell_ring":3,"minecraft:leave_game":29,"minecraft:time_since_death":574565,"minecraft:sprint_one_cm":443541,"minecraft:damage_blocked_by_shield":1916,"minecraft:drop":246,"minecraft:talked_to_villager":54,"minecraft:deaths":7,"minecraft:jump":4977,"minecraft:walk_on_water_one_cm":76902,"minecraft:enchant_item":21,"minecraft:interact_with_furnace":18,"minecraft:traded_with_villager":10,"minecraft:play_one_minute":913909,"minecraft:sleep_in_bed":9,"minecraft:damage_dealt":18932,"minecraft:player_kills":2,"minecraft:crouch_one_cm":74363,"minecraft:interact_with_smithing_table":1,"minecraft:mob_kills":68,"minecraft:interact_with_anvil":7,"minecraft:inspect_hopper":7,"minecraft:damage_dealt_resisted":538,"minecraft:climb_one_cm":1326,"minecraft:walk_one_cm":747246,"minecraft:sneak_time":37902,"minecraft:walk_under_water_one_cm":9278,"minecraft:boat_one_cm":5829,"minecraft:tune_noteblock":63,"minecraft:interact_with_grindstone":5,"minecraft:time_since_rest":567824,"minecraft:damage_taken":5480,"minecraft:damage_absorbed":40,"minecraft:trigger_trapped_chest":5,"minecraft:swim_one_cm":1522,"minecraft:fly_one_cm":2799417,"minecraft:open_chest":219,"minecraft:fall_one_cm":101775},"minecraft:used":{"minecraft:ladder":7,"minecraft:oak_sign":15,"minecraft:chest":82,"minecraft:shield":78,"minecraft:stone":182,"minecraft:iron_sword":34,"minecraft:zombie_spawn_egg":3,"minecraft:spruce_leaves":2,"minecraft:carrot":105,"minecraft:obsidian":493,"minecraft:glass":724,"minecraft:honey_block":2,"minecraft:lava_bucket":23,"minecraft:villager_spawn_egg":24,"minecraft:quartz_slab":12,"minecraft:grass_block":108,"minecraft:polished_andesite_stairs":208,"minecraft:birch_trapdoor":19,"minecraft:repeater":35,"minecraft:redstone_lamp":1,"minecraft:bow":85,"minecraft:furnace":1,"minecraft:egg":1,"minecraft:tube_coral_fan":8,"minecraft:acacia_trapdoor":1,"minecraft:stone_pickaxe":122,"minecraft:powered_rail":195,"minecraft:oak_planks":26,"minecraft:redstone_block":49,"minecraft:composter":1,"minecraft:sugar_cane":87,"minecraft:diamond_axe":340,"minecraft:smooth_quartz_stairs":32,"minecraft:golden_apple":1,"minecraft:sand":65,"minecraft:blast_furnace":2,"minecraft:sponge":2,"minecraft:note_block":7,"minecraft:creeper_spawn_egg":4,"minecraft:redstone_torch":6,"minecraft:sticky_piston":20,"minecraft:lever":15,"minecraft:birch_fence_gate":3,"minecraft:string":5,"minecraft:lectern":6,"minecraft:polished_andesite_slab":18,"minecraft:diamond_sword":148,"minecraft:grindstone":7,"minecraft:smithing_table":3,"minecraft:smooth_stone_slab":29,"minecraft:oak_boat":9,"minecraft:bone_meal":186,"minecraft:oak_trapdoor":3,"minecraft:enchanting_table":1,"minecraft:flint_and_steel":13,"minecraft:redstone":69,"minecraft:stone_hoe":82,"minecraft:cooked_chicken":41,"minecraft:torch":3,"minecraft:dirt":1303,"minecraft:anvil":3,"minecraft:hopper":33,"minecraft:cobblestone_wall":6,"minecraft:wooden_axe":8,"minecraft:bookshelf":25,"minecraft:iron_block":97,"minecraft:iron_axe":18,"minecraft:slime_block":65,"minecraft:minecart":7,"minecraft:trapped_chest":4,"minecraft:observer":158,"minecraft:cooked_mutton":18,"minecraft:water_bucket":309,"minecraft:polished_andesite":920,"minecraft:fletching_table":4,"minecraft:stonecutter":1,"minecraft:comparator":7,"minecraft:tnt":34,"minecraft:crafting_table":5,"minecraft:white_bed":12,"minecraft:piston":218,"minecraft:diamond_pickaxe":458,"minecraft:diamond_shovel":1375,"minecraft:iron_pickaxe":358,"minecraft:detector_rail":11,"minecraft:stone_axe":1,"minecraft:fishing_rod":12,"minecraft:cobblestone":143,"minecraft:bucket":19,"minecraft:smooth_stone":966},"minecraft:picked_up":{"minecraft:iron_chestplate":3,"minecraft:wheat":1,"minecraft:redstone_block":1,"minecraft:anvil":1,"minecraft:diamond_sword":3,"minecraft:enchanted_book":2,"minecraft:string":14,"minecraft:iron_leggings":5,"minecraft:sticky_piston":2,"minecraft:diamond_leggings":4,"minecraft:gold_nugget":54,"minecraft:smooth_stone":15,"minecraft:comparator":7,"minecraft:spruce_planks":26,"minecraft:redstone_torch":4,"minecraft:iron_pickaxe":6,"minecraft:furnace":38,"minecraft:iron_boots":2,"minecraft:stick":27,"minecraft:composter":1,"minecraft:oak_fence":1,"minecraft:torch":2,"minecraft:porkchop":2,"minecraft:diorite":50,"minecraft:rotten_flesh":57,"minecraft:iron_block":9,"minecraft:bookshelf":12,"minecraft:obsidian":19,"minecraft:cobblestone":754,"minecraft:repeater":21,"minecraft:water_bucket":5,"minecraft:andesite":48,"minecraft:potato":21,"minecraft:flint":4,"minecraft:lapis_lazuli":273,"minecraft:dirt":1195,"minecraft:glass":64,"minecraft:bone":8,"minecraft:bow":5,"minecraft:wheat_seeds":63,"minecraft:diamond_helmet":3,"minecraft:glowstone_dust":17,"minecraft:powered_rail":192,"minecraft:oak_planks":255,"minecraft:oak_pressure_plate":1,"minecraft:sand":68,"minecraft:grass_block":722,"minecraft:trapped_chest":64,"minecraft:polished_andesite":19,"minecraft:slime_block":53,"minecraft:diamond":86,"minecraft:lever":8,"minecraft:granite":39,"minecraft:bread":44,"minecraft:emerald":14,"minecraft:netherrack":13,"minecraft:diamond_pickaxe":3,"minecraft:fishing_rod":1,"minecraft:spruce_leaves":10,"minecraft:crafting_table":1,"minecraft:azure_bluet":1,"minecraft:ladder":4,"minecraft:redstone_lamp":2,"minecraft:shield":5,"minecraft:iron_axe":4,"minecraft:flint_and_steel":2,"minecraft:detector_rail":3,"minecraft:oak_boat":1,"minecraft:observer":128,"minecraft:poppy":12,"minecraft:sugar_cane":382,"minecraft:chest":10,"minecraft:piston":1,"minecraft:spruce_trapdoor":2,"minecraft:egg":1,"minecraft:note_block":1,"minecraft:carrot":64,"minecraft:redstone":333,"minecraft:tnt":2,"minecraft:arrow":12,"minecraft:diamond_chestplate":4,"minecraft:tube_coral_fan":1,"minecraft:diamond_boots":3,"minecraft:hay_block":7,"minecraft:rail":5,"minecraft:oxeye_daisy":3,"minecraft:leather":128,"minecraft:oak_log":24,"minecraft:golden_boots":1,"minecraft:cobblestone_stairs":64,"minecraft:cooked_mutton":100,"minecraft:apple":14,"minecraft:warped_stem":59,"minecraft:iron_ingot":77,"minecraft:cooked_chicken":116,"minecraft:iron_ore":54,"minecraft:iron_sword":5,"minecraft:book":63,"minecraft:polished_andesite_stairs":1,"minecraft:warped_fungus":1,"minecraft:dandelion":1,"minecraft:gravel":14,"minecraft:spruce_sapling":71,"minecraft:white_bed":1,"minecraft:spruce_log":12,"minecraft:spider_eye":1,"minecraft:diamond_shovel":2,"minecraft:slime_ball":103,"minecraft:honey_block":1,"minecraft:iron_helmet":3,"minecraft:diamond_axe":2,"minecraft:warped_roots":1,"minecraft:coal":30,"minecraft:hopper":20},"minecraft:broken":{"minecraft:iron_pickaxe":1},"minecraft:killed":{"minecraft:cave_spider":1,"minecraft:zombified_piglin":3,"minecraft:spider":4,"minecraft:skeleton":7,"minecraft:iron_golem":7,"minecraft:zombie":30,"minecraft:phantom":1,"minecraft:villager":12,"minecraft:enderman":2},"minecraft:dropped":{"minecraft:iron_sword":1,"minecraft:diamond_axe":1,"minecraft:lapis_lazuli":32,"minecraft:oak_pressure_plate":1,"minecraft:diamond":4,"minecraft:leather":128,"minecraft:tube_coral_fan":1,"minecraft:cobblestone_stairs":64,"minecraft:flint":1,"minecraft:redstone_lamp":2,"minecraft:dirt":325,"minecraft:sand":8,"minecraft:iron_pickaxe":3,"minecraft:note_block":1,"minecraft:sugar_cane":1,"minecraft:cooked_chicken":70,"minecraft:rotten_flesh":3,"minecraft:oak_planks":23,"minecraft:diamond_shovel":2,"minecraft:carrot":320,"minecraft:poppy":7,"minecraft:tipped_arrow":2,"minecraft:hopper":17,"minecraft:chest":2,"minecraft:arrow":2,"minecraft:powered_rail":192,"minecraft:glass":65,"minecraft:enchanted_book":2,"minecraft:water_bucket":4,"minecraft:golden_boots":1,"minecraft:iron_ingot":45,"minecraft:wheat_seeds":1,"minecraft:tnt":2,"minecraft:bookshelf":1,"minecraft:diamond_leggings":1,"minecraft:iron_helmet":4,"minecraft:cobblestone":64,"minecraft:observer":128,"minecraft:lava_bucket":1,"minecraft:repeater":10,"minecraft:iron_leggings":3,"minecraft:polished_andesite_stairs":1,"minecraft:iron_axe":2,"minecraft:smooth_stone":2,"minecraft:string":3,"minecraft:trapped_chest":32,"minecraft:redstone":31,"minecraft:stone_sword":1,"minecraft:iron_boots":3,"minecraft:diamond_sword":2,"minecraft:potato":3,"minecraft:diamond_chestplate":2,"minecraft:spruce_trapdoor":2,"minecraft:iron_chestplate":3,"minecraft:diamond_pickaxe":2,"minecraft:redstone_torch":3,"minecraft:diamond_boots":1},"minecraft:mined":{"minecraft:white_bed":1,"minecraft:granite":19,"minecraft:grass_block":702,"minecraft:composter":1,"minecraft:hopper":2,"minecraft:oxeye_daisy":1,"minecraft:smooth_stone":13,"minecraft:glowstone":6,"minecraft:iron_ore":43,"minecraft:anvil":1,"minecraft:iron_block":9,"minecraft:chest":8,"minecraft:glass":2,"minecraft:cobblestone":120,"minecraft:sugar_cane":224,"minecraft:oak_planks":9,"minecraft:repeater":1,"minecraft:warped_fungus":1,"minecraft:grass":123,"minecraft:oak_log":25,"minecraft:sand":56,"minecraft:dirt":563,"minecraft:netherrack":20,"minecraft:oak_leaves":1,"minecraft:nether_gold_ore":7,"minecraft:diamond_ore":27,"minecraft:lever":2,"minecraft:ladder":4,"minecraft:redstone_wire":2,"minecraft:spruce_leaves":16,"minecraft:hay_block":7,"minecraft:redstone_ore":27,"minecraft:andesite":24,"minecraft:bookshelf":6,"minecraft:rail":6,"minecraft:warped_stem":59,"minecraft:stone":521,"minecraft:glass_pane":1,"minecraft:comparator":5,"minecraft:crafting_table":2,"minecraft:honey_block":1,"minecraft:warped_roots":1,"minecraft:tall_grass":19,"minecraft:lapis_ore":4,"minecraft:diorite":20,"minecraft:redstone_torch":2,"minecraft:spruce_log":12,"minecraft:grass_path":39,"minecraft:coal_ore":18,"minecraft:gravel":8,"minecraft:polished_andesite":20},"minecraft:crafted":{"minecraft:oak_planks":860,"minecraft:oak_sign":6,"minecraft:lever":1,"minecraft:diamond_shovel":1,"minecraft:bookshelf":12,"minecraft:hopper":12,"minecraft:iron_boots":1,"minecraft:repeater":6,"minecraft:diamond_helmet":1,"minecraft:diamond_leggings":1,"minecraft:bow":1,"minecraft:comparator":5,"minecraft:chest":23,"minecraft:emerald":9,"minecraft:diamond_axe":1,"minecraft:crafting_table":1,"minecraft:spruce_planks":24,"minecraft:wooden_pickaxe":1,"minecraft:iron_helmet":1,"minecraft:sticky_piston":16,"minecraft:book":34,"minecraft:iron_chestplate":1,"minecraft:paper":105,"minecraft:diamond_pickaxe":1,"minecraft:stick":372,"minecraft:iron_ingot":43,"minecraft:iron_pickaxe":1,"minecraft:iron_block":88,"minecraft:redstone_torch":29,"minecraft:furnace":24,"minecraft:piston":16,"minecraft:iron_axe":1,"minecraft:slime_ball":128,"minecraft:diamond_boots":1,"minecraft:wheat":63,"minecraft:diamond_sword":1,"minecraft:enchanting_table":1,"minecraft:bucket":9,"minecraft:air":0,"minecraft:oak_boat":1,"minecraft:wooden_axe":1,"minecraft:diamond_chestplate":1},"minecraft:killed_by":{"minecraft:zombie":1,"minecraft:player":3,"minecraft:iron_golem":1}},"DataVersion":2578}