{"stats":{"minecraft:used":{"minecraft:enchanting_table":1,"minecraft:flint_and_steel":3,"minecraft:oak_sign":10,"minecraft:chest":23,"minecraft:shield":69,"minecraft:iron_sword":34,"minecraft:zombie_spawn_egg":2,"minecraft:cooked_chicken":29,"minecraft:stone_hoe":82,"minecraft:torch":3,"minecraft:dirt":140,"minecraft:anvil":3,"minecraft:hopper":2,"minecraft:carrot":105,"minecraft:obsidian":48,"minecraft:glass":394,"minecraft:wooden_axe":8,"minecraft:lava_bucket":4,"minecraft:bookshelf":25,"minecraft:villager_spawn_egg":24,"minecraft:iron_axe":18,"minecraft:polished_andesite_stairs":135,"minecraft:birch_trapdoor":19,"minecraft:bow":22,"minecraft:furnace":1,"minecraft:cooked_mutton":11,"minecraft:water_bucket":11,"minecraft:stone_pickaxe":122,"minecraft:oak_planks":11,"minecraft:composter":1,"minecraft:sugar_cane":84,"minecraft:diamond_axe":99,"minecraft:fletching_table":4,"minecraft:stonecutter":1,"minecraft:golden_apple":1,"minecraft:sand":55,"minecraft:crafting_table":4,"minecraft:blast_furnace":2,"minecraft:white_bed":12,"minecraft:creeper_spawn_egg":4,"minecraft:diamond_pickaxe":111,"minecraft:diamond_shovel":162,"minecraft:iron_pickaxe":358,"minecraft:lectern":6,"minecraft:polished_andesite_slab":18,"minecraft:stone_axe":1,"minecraft:diamond_sword":129,"minecraft:fishing_rod":12,"minecraft:cobblestone":37,"minecraft:grindstone":7,"minecraft:smithing_table":3,"minecraft:bucket":8,"minecraft:smooth_stone_slab":28,"minecraft:oak_boat":8,"minecraft:bone_meal":186,"minecraft:smooth_stone":347},"minecraft:custom":{"minecraft:interact_with_smithing_table":1,"minecraft:interact_with_anvil":7,"minecraft:mob_kills":31,"minecraft:interact_with_crafting_table":35,"minecraft:bell_ring":3,"minecraft:damage_dealt_resisted":538,"minecraft:leave_game":22,"minecraft:time_since_death":21000,"minecraft:sprint_one_cm":210596,"minecraft:walk_one_cm":309066,"minecraft:damage_blocked_by_shield":1716,"minecraft:drop":73,"minecraft:talked_to_villager":54,"minecraft:deaths":7,"minecraft:sneak_time":11734,"minecraft:walk_under_water_one_cm":2219,"minecraft:boat_one_cm":4775,"minecraft:jump":2455,"minecraft:walk_on_water_one_cm":10651,"minecraft:enchant_item":21,"minecraft:interact_with_furnace":18,"minecraft:traded_with_villager":10,"minecraft:play_one_minute":360344,"minecraft:interact_with_grindstone":5,"minecraft:sleep_in_bed":9,"minecraft:time_since_rest":14259,"minecraft:damage_taken":4635,"minecraft:damage_absorbed":40,"minecraft:damage_dealt":10379,"minecraft:swim_one_cm":1522,"minecraft:fly_one_cm":1229464,"minecraft:open_chest":67,"minecraft:crouch_one_cm":17256,"minecraft:fall_one_cm":71123},"minecraft:picked_up":{"minecraft:crafting_table":1,"minecraft:iron_chestplate":2,"minecraft:wheat":1,"minecraft:azure_bluet":1,"minecraft:anvil":1,"minecraft:enchanted_book":2,"minecraft:shield":4,"minecraft:string":5,"minecraft:iron_axe":3,"minecraft:flint_and_steel":2,"minecraft:iron_leggings":5,"minecraft:diamond_leggings":3,"minecraft:gold_nugget":2,"minecraft:spruce_planks":26,"minecraft:poppy":3,"minecraft:iron_pickaxe":6,"minecraft:sugar_cane":233,"minecraft:chest":6,"minecraft:iron_boots":2,"minecraft:stick":4,"minecraft:composter":1,"minecraft:oak_fence":1,"minecraft:torch":2,"minecraft:diorite":50,"minecraft:carrot":64,"minecraft:redstone":259,"minecraft:arrow":6,"minecraft:diamond_chestplate":3,"minecraft:rotten_flesh":16,"minecraft:diamond_boots":3,"minecraft:hay_block":7,"minecraft:bookshelf":11,"minecraft:obsidian":10,"minecraft:rail":5,"minecraft:cobblestone":599,"minecraft:water_bucket":1,"minecraft:andesite":48,"minecraft:leather":128,"minecraft:potato":7,"minecraft:flint":3,"minecraft:oak_log":24,"minecraft:golden_boots":1,"minecraft:lapis_lazuli":81,"minecraft:dirt":163,"minecraft:bone":2,"minecraft:apple":7,"minecraft:bow":2,"minecraft:wheat_seeds":13,"minecraft:iron_ingot":37,"minecraft:cooked_chicken":102,"minecraft:iron_ore":54,"minecraft:diamond_helmet":2,"minecraft:iron_sword":3,"minecraft:oak_planks":65,"minecraft:book":6,"minecraft:polished_andesite_stairs":1,"minecraft:dandelion":1,"minecraft:gravel":14,"minecraft:sand":60,"minecraft:spruce_sapling":70,"minecraft:white_bed":1,"minecraft:grass_block":7,"minecraft:spruce_log":12,"minecraft:spider_eye":1,"minecraft:diamond_shovel":1,"minecraft:diamond":74,"minecraft:iron_helmet":2,"minecraft:granite":39,"minecraft:diamond_axe":1,"minecraft:bread":4,"minecraft:coal":30,"minecraft:diamond_pickaxe":1},"minecraft:broken":{"minecraft:iron_pickaxe":1},"minecraft:killed":{"minecraft:cave_spider":1,"minecraft:zombified_piglin":3,"minecraft:spider":2,"minecraft:skeleton":3,"minecraft:iron_golem":5,"minecraft:zombie":12,"minecraft:villager":4,"minecraft:enderman":1},"minecraft:dropped":{"minecraft:enchanted_book":2,"minecraft:diamond_axe":1,"minecraft:lapis_lazuli":32,"minecraft:diamond":4,"minecraft:diamond_leggings":1,"minecraft:iron_helmet":1,"minecraft:leather":128,"minecraft:iron_leggings":1,"minecraft:polished_andesite_stairs":1,"minecraft:iron_axe":1,"minecraft:iron_pickaxe":2,"minecraft:cooked_chicken":37,"minecraft:oak_planks":22,"minecraft:iron_boots":1,"minecraft:diamond_shovel":1,"minecraft:carrot":320,"minecraft:potato":3,"minecraft:tipped_arrow":2,"minecraft:diamond_chestplate":1,"minecraft:iron_chestplate":1,"minecraft:diamond_pickaxe":1,"minecraft:chest":2,"minecraft:diamond_boots":1},"minecraft:crafted":{"minecraft:oak_planks":516,"minecraft:furnace":1,"minecraft:diamond_shovel":1,"minecraft:bookshelf":12,"minecraft:diamond_helmet":1,"minecraft:diamond_leggings":1,"minecraft:iron_boots":1,"minecraft:iron_axe":1,"minecraft:chest":8,"minecraft:diamond_boots":1,"minecraft:wheat":63,"minecraft:diamond_sword":1,"minecraft:emerald":9,"minecraft:diamond_axe":1,"minecraft:crafting_table":1,"minecraft:spruce_planks":24,"minecraft:enchanting_table":1,"minecraft:wooden_pickaxe":1,"minecraft:iron_helmet":1,"minecraft:bucket":1,"minecraft:air":0,"minecraft:iron_chestplate":1,"minecraft:book":34,"minecraft:paper":105,"minecraft:diamond_pickaxe":1,"minecraft:stick":324,"minecraft:iron_ingot":43,"minecraft:iron_pickaxe":1,"minecraft:wooden_axe":1,"minecraft:diamond_chestplate":1},"minecraft:mined":{"minecraft:diamond_ore":27,"minecraft:white_bed":1,"minecraft:granite":19,"minecraft:grass_block":80,"minecraft:spruce_leaves":1,"minecraft:composter":1,"minecraft:hay_block":7,"minecraft:redstone_ore":27,"minecraft:iron_ore":43,"minecraft:andesite":24,"minecraft:anvil":1,"minecraft:bookshelf":1,"minecraft:rail":6,"minecraft:stone":302,"minecraft:glass_pane":1,"minecraft:crafting_table":1,"minecraft:chest":4,"minecraft:glass":2,"minecraft:tall_grass":2,"minecraft:cobblestone":81,"minecraft:lapis_ore":4,"minecraft:sugar_cane":170,"minecraft:oak_planks":1,"minecraft:diorite":20,"minecraft:spruce_log":12,"minecraft:grass_path":14,"minecraft:grass":36,"minecraft:oak_log":25,"minecraft:coal_ore":18,"minecraft:gravel":8,"minecraft:sand":56,"minecraft:dirt":19,"minecraft:netherrack":2,"minecraft:oak_leaves":1},"minecraft:killed_by":{"minecraft:player":3,"minecraft:iron_golem":1,"minecraft:zombie":1}},"DataVersion":2578}