{"stats":{"minecraft:used":{"minecraft:enchanting_table":1,"minecraft:flint_and_steel":3,"minecraft:oak_sign":10,"minecraft:chest":15,"minecraft:shield":67,"minecraft:iron_sword":34,"minecraft:zombie_spawn_egg":2,"minecraft:stone_hoe":82,"minecraft:cooked_chicken":26,"minecraft:torch":3,"minecraft:dirt":126,"minecraft:hopper":2,"minecraft:carrot":105,"minecraft:obsidian":48,"minecraft:glass":394,"minecraft:wooden_axe":8,"minecraft:lava_bucket":2,"minecraft:bookshelf":1,"minecraft:villager_spawn_egg":24,"minecraft:iron_axe":5,"minecraft:polished_andesite_stairs":135,"minecraft:birch_trapdoor":19,"minecraft:bow":18,"minecraft:furnace":1,"minecraft:water_bucket":11,"minecraft:stone_pickaxe":122,"minecraft:oak_planks":11,"minecraft:composter":1,"minecraft:sugar_cane":69,"minecraft:diamond_axe":5,"minecraft:fletching_table":4,"minecraft:stonecutter":1,"minecraft:sand":55,"minecraft:crafting_table":3,"minecraft:blast_furnace":2,"minecraft:white_bed":11,"minecraft:creeper_spawn_egg":4,"minecraft:diamond_pickaxe":6,"minecraft:diamond_shovel":145,"minecraft:iron_pickaxe":249,"minecraft:lectern":6,"minecraft:polished_andesite_slab":18,"minecraft:stone_axe":1,"minecraft:diamond_sword":127,"minecraft:cobblestone":2,"minecraft:grindstone":6,"minecraft:smithing_table":3,"minecraft:bucket":8,"minecraft:smooth_stone_slab":26,"minecraft:oak_boat":8,"minecraft:smooth_stone":347,"minecraft:bone_meal":186},"minecraft:custom":{"minecraft:interact_with_smithing_table":1,"minecraft:mob_kills":28,"minecraft:interact_with_crafting_table":28,"minecraft:damage_dealt_resisted":538,"minecraft:leave_game":12,"minecraft:time_since_death":5892,"minecraft:sprint_one_cm":138521,"minecraft:walk_one_cm":225674,"minecraft:damage_blocked_by_shield":1696,"minecraft:drop":56,"minecraft:talked_to_villager":49,"minecraft:deaths":2,"minecraft:sneak_time":10251,"minecraft:walk_under_water_one_cm":2219,"minecraft:boat_one_cm":4775,"minecraft:jump":1560,"minecraft:walk_on_water_one_cm":8135,"minecraft:interact_with_furnace":16,"minecraft:traded_with_villager":10,"minecraft:play_one_minute":223433,"minecraft:sleep_in_bed":8,"minecraft:time_since_rest":5935,"minecraft:damage_taken":2267,"minecraft:damage_dealt":7725,"minecraft:swim_one_cm":1522,"minecraft:fly_one_cm":962090,"minecraft:open_chest":46,"minecraft:crouch_one_cm":13471,"minecraft:fall_one_cm":38431},"minecraft:picked_up":{"minecraft:iron_chestplate":1,"minecraft:crafting_table":1,"minecraft:azure_bluet":1,"minecraft:shield":3,"minecraft:string":1,"minecraft:iron_axe":1,"minecraft:flint_and_steel":2,"minecraft:iron_leggings":4,"minecraft:diamond_leggings":1,"minecraft:gold_nugget":2,"minecraft:spruce_planks":26,"minecraft:poppy":3,"minecraft:iron_pickaxe":4,"minecraft:sugar_cane":60,"minecraft:chest":6,"minecraft:iron_boots":1,"minecraft:stick":4,"minecraft:oak_fence":1,"minecraft:torch":1,"minecraft:diorite":47,"minecraft:carrot":64,"minecraft:redstone":259,"minecraft:arrow":6,"minecraft:diamond_chestplate":1,"minecraft:rotten_flesh":11,"minecraft:diamond_boots":1,"minecraft:obsidian":10,"minecraft:rail":5,"minecraft:cobblestone":390,"minecraft:water_bucket":1,"minecraft:andesite":38,"minecraft:potato":7,"minecraft:flint":2,"minecraft:oak_log":1,"minecraft:golden_boots":1,"minecraft:lapis_lazuli":48,"minecraft:dirt":156,"minecraft:bone":2,"minecraft:apple":7,"minecraft:bow":2,"minecraft:wheat_seeds":9,"minecraft:iron_ingot":31,"minecraft:cooked_chicken":102,"minecraft:iron_ore":54,"minecraft:diamond_helmet":1,"minecraft:oak_planks":65,"minecraft:iron_sword":3,"minecraft:book":6,"minecraft:polished_andesite_stairs":1,"minecraft:dandelion":1,"minecraft:gravel":14,"minecraft:sand":60,"minecraft:spruce_sapling":70,"minecraft:spruce_log":12,"minecraft:spider_eye":1,"minecraft:diamond":74,"minecraft:iron_helmet":1,"minecraft:granite":39,"minecraft:bread":4,"minecraft:coal":30},"minecraft:broken":{"minecraft:iron_pickaxe":1},"minecraft:killed":{"minecraft:cave_spider":1,"minecraft:zombified_piglin":3,"minecraft:spider":1,"minecraft:skeleton":3,"minecraft:iron_golem":3,"minecraft:zombie":12,"minecraft:villager":4,"minecraft:enderman":1},"minecraft:dropped":{"minecraft:diamond":4,"minecraft:polished_andesite_stairs":1,"minecraft:iron_pickaxe":1,"minecraft:cooked_chicken":37,"minecraft:oak_planks":22,"minecraft:carrot":320,"minecraft:potato":3,"minecraft:tipped_arrow":2,"minecraft:chest":2},"minecraft:crafted":{"minecraft:oak_planks":256,"minecraft:furnace":1,"minecraft:diamond_shovel":1,"minecraft:bookshelf":1,"minecraft:diamond_helmet":1,"minecraft:diamond_leggings":1,"minecraft:iron_boots":1,"minecraft:iron_axe":1,"minecraft:chest":8,"minecraft:diamond_boots":1,"minecraft:diamond_sword":1,"minecraft:emerald":9,"minecraft:diamond_axe":1,"minecraft:crafting_table":1,"minecraft:spruce_planks":24,"minecraft:enchanting_table":1,"minecraft:wooden_pickaxe":1,"minecraft:iron_helmet":1,"minecraft:bucket":1,"minecraft:air":0,"minecraft:iron_chestplate":1,"minecraft:diamond_pickaxe":1,"minecraft:stick":316,"minecraft:iron_ingot":43,"minecraft:iron_pickaxe":1,"minecraft:wooden_axe":1,"minecraft:diamond_chestplate":1},"minecraft:mined":{"minecraft:diamond_ore":27,"minecraft:granite":19,"minecraft:grass_block":74,"minecraft:spruce_leaves":1,"minecraft:redstone_ore":27,"minecraft:iron_ore":43,"minecraft:andesite":15,"minecraft:bookshelf":1,"minecraft:rail":6,"minecraft:stone":183,"minecraft:crafting_table":1,"minecraft:chest":4,"minecraft:tall_grass":2,"minecraft:glass":2,"minecraft:cobblestone":1,"minecraft:lapis_ore":4,"minecraft:sugar_cane":50,"minecraft:oak_planks":1,"minecraft:diorite":16,"minecraft:spruce_log":12,"minecraft:grass_path":14,"minecraft:grass":24,"minecraft:coal_ore":18,"minecraft:gravel":8,"minecraft:sand":56,"minecraft:dirt":10,"minecraft:netherrack":2,"minecraft:oak_leaves":1},"minecraft:killed_by":{"minecraft:player":1}},"DataVersion":2578}