{"stats":{"minecraft:used":{"minecraft:water_bucket":1,"minecraft:flint_and_steel":3,"minecraft:stone_pickaxe":122,"minecraft:oak_planks":11,"minecraft:chest":3,"minecraft:iron_sword":29,"minecraft:composter":1,"minecraft:stone_hoe":82,"minecraft:cooked_chicken":4,"minecraft:torch":1,"minecraft:dirt":93,"minecraft:crafting_table":3,"minecraft:obsidian":32,"minecraft:glass":93,"minecraft:wooden_axe":8,"minecraft:polished_andesite_stairs":91,"minecraft:polished_andesite_slab":18,"minecraft:stone_axe":1,"minecraft:birch_trapdoor":4,"minecraft:furnace":1,"minecraft:oak_boat":7,"minecraft:smooth_stone":54},"minecraft:custom":{"minecraft:interact_with_furnace":14,"minecraft:mob_kills":5,"minecraft:interact_with_crafting_table":13,"minecraft:play_one_minute":76158,"minecraft:leave_game":4,"minecraft:time_since_death":76158,"minecraft:sleep_in_bed":2,"minecraft:time_since_rest":51105,"minecraft:sprint_one_cm":38739,"minecraft:damage_taken":424,"minecraft:walk_one_cm":53892,"minecraft:drop":1,"minecraft:damage_dealt":970,"minecraft:talked_to_villager":6,"minecraft:fly_one_cm":399789,"minecraft:open_chest":11,"minecraft:crouch_one_cm":6261,"minecraft:sneak_time":4468,"minecraft:walk_under_water_one_cm":2122,"minecraft:jump":295,"minecraft:walk_on_water_one_cm":1599,"minecraft:fall_one_cm":6016},"minecraft:picked_up":{"minecraft:crafting_table":1,"minecraft:andesite":1,"minecraft:golden_boots":1,"minecraft:dirt":8,"minecraft:flint_and_steel":1,"minecraft:iron_leggings":3,"minecraft:wheat_seeds":1,"minecraft:spruce_planks":16,"minecraft:iron_ore":43,"minecraft:oak_planks":1,"minecraft:iron_sword":2,"minecraft:stick":4,"minecraft:polished_andesite_stairs":1,"minecraft:oak_fence":1,"minecraft:spruce_sapling":69,"minecraft:diorite":1,"minecraft:spruce_log":12,"minecraft:spider_eye":1,"minecraft:rotten_flesh":5,"minecraft:obsidian":3,"minecraft:coal":18,"minecraft:rail":5,"minecraft:cobblestone":51},"minecraft:killed":{"minecraft:cave_spider":1,"minecraft:skeleton":1,"minecraft:zombie":3},"minecraft:dropped":{"minecraft:polished_andesite_stairs":1},"minecraft:mined":{"minecraft:crafting_table":1,"minecraft:grass_block":3,"minecraft:spruce_leaves":1,"minecraft:oak_planks":1,"minecraft:diorite":1,"minecraft:iron_ore":43,"minecraft:spruce_log":12,"minecraft:andesite":1,"minecraft:grass":9,"minecraft:coal_ore":18,"minecraft:rail":6,"minecraft:dirt":3,"minecraft:stone":48},"minecraft:crafted":{"minecraft:oak_planks":256,"minecraft:crafting_table":1,"minecraft:spruce_planks":24,"minecraft:wooden_pickaxe":1,"minecraft:iron_helmet":1,"minecraft:furnace":1,"minecraft:air":0,"minecraft:iron_boots":1,"minecraft:iron_chestplate":1,"minecraft:iron_axe":1,"minecraft:stick":20,"minecraft:iron_ingot":43,"minecraft:iron_pickaxe":1,"minecraft:wooden_axe":1}},"DataVersion":2578}