{"stats":{"minecraft:used":{"minecraft:wooden_axe":8,"minecraft:flint_and_steel":3,"minecraft:stone_pickaxe":122,"minecraft:oak_planks":11,"minecraft:polished_andesite_stairs":91,"minecraft:chest":3,"minecraft:iron_sword":25,"minecraft:cooked_chicken":4,"minecraft:polished_andesite_slab":17,"minecraft:stone_axe":1,"minecraft:dirt":3,"minecraft:crafting_table":3,"minecraft:furnace":1,"minecraft:smooth_stone":24,"minecraft:obsidian":32},"minecraft:custom":{"minecraft:time_since_rest":39105,"minecraft:interact_with_furnace":13,"minecraft:sprint_one_cm":36847,"minecraft:damage_taken":424,"minecraft:walk_one_cm":49972,"minecraft:mob_kills":4,"minecraft:drop":1,"minecraft:damage_dealt":770,"minecraft:interact_with_crafting_table":13,"minecraft:fly_one_cm":312632,"minecraft:talked_to_villager":3,"minecraft:open_chest":11,"minecraft:play_one_minute":64158,"minecraft:crouch_one_cm":5208,"minecraft:sneak_time":3841,"minecraft:walk_under_water_one_cm":2011,"minecraft:jump":278,"minecraft:leave_game":4,"minecraft:time_since_death":64158,"minecraft:walk_on_water_one_cm":980,"minecraft:sleep_in_bed":2,"minecraft:fall_one_cm":6016},"minecraft:picked_up":{"minecraft:crafting_table":1,"minecraft:polished_andesite_stairs":1,"minecraft:stick":4,"minecraft:andesite":1,"minecraft:oak_fence":1,"minecraft:spruce_sapling":69,"minecraft:golden_boots":1,"minecraft:diorite":1,"minecraft:spruce_log":12,"minecraft:dirt":8,"minecraft:spider_eye":1,"minecraft:flint_and_steel":1,"minecraft:iron_leggings":3,"minecraft:rotten_flesh":4,"minecraft:wheat_seeds":1,"minecraft:spruce_planks":16,"minecraft:iron_ore":43,"minecraft:iron_sword":2,"minecraft:obsidian":3,"minecraft:oak_planks":1,"minecraft:coal":18,"minecraft:rail":5,"minecraft:cobblestone":51},"minecraft:killed":{"minecraft:skeleton":1,"minecraft:cave_spider":1,"minecraft:zombie":2},"minecraft:dropped":{"minecraft:polished_andesite_stairs":1},"minecraft:mined":{"minecraft:iron_ore":43,"minecraft:spruce_log":12,"minecraft:andesite":1,"minecraft:crafting_table":1,"minecraft:grass":9,"minecraft:grass_block":3,"minecraft:coal_ore":18,"minecraft:rail":6,"minecraft:dirt":3,"minecraft:spruce_leaves":1,"minecraft:stone":48,"minecraft:oak_planks":1,"minecraft:diorite":1},"minecraft:crafted":{"minecraft:oak_planks":256,"minecraft:iron_chestplate":1,"minecraft:iron_boots":1,"minecraft:iron_axe":1,"minecraft:crafting_table":1,"minecraft:spruce_planks":24,"minecraft:stick":20,"minecraft:wooden_pickaxe":1,"minecraft:iron_ingot":28,"minecraft:iron_helmet":1,"minecraft:iron_pickaxe":1,"minecraft:wooden_axe":1,"minecraft:furnace":1,"minecraft:air":0}},"DataVersion":2578}