{"stats":{"minecraft:used":{"minecraft:enchanting_table":1,"minecraft:flint_and_steel":3,"minecraft:redstone":4,"minecraft:oak_sign":14,"minecraft:chest":35,"minecraft:shield":70,"minecraft:iron_sword":34,"minecraft:zombie_spawn_egg":2,"minecraft:cooked_chicken":29,"minecraft:stone_hoe":82,"minecraft:spruce_leaves":2,"minecraft:torch":3,"minecraft:dirt":145,"minecraft:anvil":3,"minecraft:hopper":12,"minecraft:carrot":105,"minecraft:obsidian":48,"minecraft:glass":408,"minecraft:wooden_axe":8,"minecraft:honey_block":2,"minecraft:lava_bucket":6,"minecraft:bookshelf":25,"minecraft:villager_spawn_egg":24,"minecraft:iron_axe":18,"minecraft:polished_andesite_stairs":135,"minecraft:repeater":3,"minecraft:birch_trapdoor":19,"minecraft:bow":22,"minecraft:furnace":1,"minecraft:cooked_mutton":15,"minecraft:water_bucket":13,"minecraft:stone_pickaxe":122,"minecraft:oak_planks":26,"minecraft:composter":1,"minecraft:sugar_cane":84,"minecraft:diamond_axe":183,"minecraft:fletching_table":4,"minecraft:stonecutter":1,"minecraft:golden_apple":1,"minecraft:sand":55,"minecraft:crafting_table":5,"minecraft:blast_furnace":2,"minecraft:white_bed":12,"minecraft:creeper_spawn_egg":4,"minecraft:sticky_piston":1,"minecraft:diamond_pickaxe":160,"minecraft:diamond_shovel":290,"minecraft:iron_pickaxe":358,"minecraft:lectern":6,"minecraft:polished_andesite_slab":18,"minecraft:stone_axe":1,"minecraft:diamond_sword":129,"minecraft:fishing_rod":12,"minecraft:cobblestone":80,"minecraft:grindstone":7,"minecraft:smithing_table":3,"minecraft:bucket":14,"minecraft:smooth_stone_slab":28,"minecraft:oak_boat":8,"minecraft:bone_meal":186,"minecraft:smooth_stone":347},"minecraft:custom":{"minecraft:interact_with_smithing_table":1,"minecraft:interact_with_anvil":7,"minecraft:mob_kills":34,"minecraft:inspect_hopper":1,"minecraft:interact_with_crafting_table":58,"minecraft:bell_ring":3,"minecraft:damage_dealt_resisted":538,"minecraft:leave_game":22,"minecraft:time_since_death":63000,"minecraft:sprint_one_cm":254281,"minecraft:walk_one_cm":359042,"minecraft:damage_blocked_by_shield":1756,"minecraft:drop":76,"minecraft:talked_to_villager":54,"minecraft:deaths":7,"minecraft:sneak_time":13563,"minecraft:walk_under_water_one_cm":2219,"minecraft:boat_one_cm":4775,"minecraft:jump":2783,"minecraft:walk_on_water_one_cm":10651,"minecraft:enchant_item":21,"minecraft:interact_with_furnace":18,"minecraft:traded_with_villager":10,"minecraft:play_one_minute":402344,"minecraft:interact_with_grindstone":5,"minecraft:sleep_in_bed":9,"minecraft:time_since_rest":56259,"minecraft:damage_taken":4785,"minecraft:damage_absorbed":40,"minecraft:damage_dealt":10953,"minecraft:swim_one_cm":1522,"minecraft:fly_one_cm":1298482,"minecraft:open_chest":90,"minecraft:crouch_one_cm":22517,"minecraft:fall_one_cm":77827},"minecraft:picked_up":{"minecraft:spruce_leaves":10,"minecraft:crafting_table":1,"minecraft:iron_chestplate":2,"minecraft:wheat":1,"minecraft:azure_bluet":1,"minecraft:anvil":1,"minecraft:enchanted_book":2,"minecraft:shield":4,"minecraft:string":7,"minecraft:iron_axe":3,"minecraft:flint_and_steel":2,"minecraft:iron_leggings":5,"minecraft:diamond_leggings":3,"minecraft:gold_nugget":54,"minecraft:spruce_planks":26,"minecraft:poppy":3,"minecraft:iron_pickaxe":6,"minecraft:sugar_cane":233,"minecraft:chest":8,"minecraft:iron_boots":2,"minecraft:stick":4,"minecraft:composter":1,"minecraft:oak_fence":1,"minecraft:torch":2,"minecraft:diorite":50,"minecraft:carrot":64,"minecraft:redstone":259,"minecraft:arrow":6,"minecraft:diamond_chestplate":3,"minecraft:rotten_flesh":22,"minecraft:diamond_boots":3,"minecraft:hay_block":7,"minecraft:bookshelf":11,"minecraft:obsidian":10,"minecraft:rail":5,"minecraft:cobblestone":613,"minecraft:repeater":1,"minecraft:water_bucket":1,"minecraft:andesite":48,"minecraft:leather":128,"minecraft:potato":7,"minecraft:flint":3,"minecraft:oak_log":24,"minecraft:golden_boots":1,"minecraft:lapis_lazuli":81,"minecraft:dirt":186,"minecraft:bone":4,"minecraft:apple":7,"minecraft:bow":2,"minecraft:wheat_seeds":16,"minecraft:warped_stem":59,"minecraft:iron_ingot":61,"minecraft:cooked_chicken":102,"minecraft:iron_ore":54,"minecraft:diamond_helmet":2,"minecraft:glowstone_dust":17,"minecraft:iron_sword":3,"minecraft:oak_planks":137,"minecraft:book":6,"minecraft:polished_andesite_stairs":1,"minecraft:warped_fungus":1,"minecraft:dandelion":1,"minecraft:gravel":14,"minecraft:sand":60,"minecraft:spruce_sapling":70,"minecraft:white_bed":1,"minecraft:grass_block":63,"minecraft:spruce_log":12,"minecraft:spider_eye":1,"minecraft:diamond_shovel":1,"minecraft:slime_ball":7,"minecraft:diamond":74,"minecraft:slime_block":49,"minecraft:honey_block":1,"minecraft:iron_helmet":2,"minecraft:granite":39,"minecraft:diamond_axe":1,"minecraft:warped_roots":1,"minecraft:bread":4,"minecraft:netherrack":13,"minecraft:coal":30,"minecraft:diamond_pickaxe":1},"minecraft:broken":{"minecraft:iron_pickaxe":1},"minecraft:killed":{"minecraft:cave_spider":1,"minecraft:zombified_piglin":3,"minecraft:spider":2,"minecraft:skeleton":4,"minecraft:iron_golem":5,"minecraft:zombie":14,"minecraft:villager":4,"minecraft:enderman":1},"minecraft:dropped":{"minecraft:enchanted_book":2,"minecraft:diamond_axe":1,"minecraft:lapis_lazuli":32,"minecraft:diamond":4,"minecraft:diamond_leggings":1,"minecraft:iron_helmet":1,"minecraft:leather":128,"minecraft:dirt":2,"minecraft:iron_leggings":1,"minecraft:polished_andesite_stairs":1,"minecraft:iron_axe":1,"minecraft:iron_pickaxe":2,"minecraft:string":2,"minecraft:cooked_chicken":37,"minecraft:oak_planks":23,"minecraft:iron_boots":1,"minecraft:diamond_shovel":1,"minecraft:carrot":320,"minecraft:potato":3,"minecraft:tipped_arrow":2,"minecraft:diamond_chestplate":1,"minecraft:iron_chestplate":1,"minecraft:diamond_pickaxe":1,"minecraft:chest":2,"minecraft:diamond_boots":1},"minecraft:crafted":{"minecraft:oak_planks":860,"minecraft:oak_sign":6,"minecraft:furnace":5,"minecraft:piston":16,"minecraft:diamond_shovel":1,"minecraft:bookshelf":12,"minecraft:hopper":12,"minecraft:repeater":6,"minecraft:diamond_helmet":1,"minecraft:diamond_leggings":1,"minecraft:iron_boots":1,"minecraft:iron_axe":1,"minecraft:slime_ball":128,"minecraft:chest":19,"minecraft:diamond_boots":1,"minecraft:wheat":63,"minecraft:diamond_sword":1,"minecraft:emerald":9,"minecraft:diamond_axe":1,"minecraft:crafting_table":1,"minecraft:spruce_planks":24,"minecraft:enchanting_table":1,"minecraft:wooden_pickaxe":1,"minecraft:iron_helmet":1,"minecraft:sticky_piston":16,"minecraft:bucket":9,"minecraft:air":0,"minecraft:iron_chestplate":1,"minecraft:book":34,"minecraft:paper":105,"minecraft:diamond_pickaxe":1,"minecraft:stick":340,"minecraft:iron_ingot":43,"minecraft:iron_pickaxe":1,"minecraft:wooden_axe":1,"minecraft:redstone_torch":13,"minecraft:diamond_chestplate":1},"minecraft:mined":{"minecraft:nether_gold_ore":7,"minecraft:diamond_ore":27,"minecraft:white_bed":1,"minecraft:granite":19,"minecraft:grass_block":145,"minecraft:spruce_leaves":13,"minecraft:composter":1,"minecraft:hay_block":7,"minecraft:redstone_ore":27,"minecraft:glowstone":6,"minecraft:iron_ore":43,"minecraft:andesite":24,"minecraft:anvil":1,"minecraft:bookshelf":1,"minecraft:rail":6,"minecraft:warped_stem":59,"minecraft:stone":302,"minecraft:glass_pane":1,"minecraft:crafting_table":2,"minecraft:honey_block":1,"minecraft:warped_roots":1,"minecraft:chest":6,"minecraft:glass":2,"minecraft:tall_grass":4,"minecraft:cobblestone":97,"minecraft:lapis_ore":4,"minecraft:sugar_cane":170,"minecraft:oak_planks":9,"minecraft:diorite":20,"minecraft:repeater":1,"minecraft:spruce_log":12,"minecraft:warped_fungus":1,"minecraft:grass_path":39,"minecraft:grass":42,"minecraft:oak_log":25,"minecraft:coal_ore":18,"minecraft:gravel":8,"minecraft:sand":56,"minecraft:dirt":42,"minecraft:netherrack":20,"minecraft:oak_leaves":1},"minecraft:killed_by":{"minecraft:player":3,"minecraft:iron_golem":1,"minecraft:zombie":1}},"DataVersion":2578}