{"stats":{"minecraft:custom":{"minecraft:open_chest":7,"minecraft:time_since_rest":11387,"minecraft:play_one_minute":11387,"minecraft:crouch_one_cm":383,"minecraft:sprint_one_cm":7541,"minecraft:walk_one_cm":7405,"minecraft:sneak_time":615,"minecraft:walk_under_water_one_cm":2011,"minecraft:jump":69,"minecraft:walk_on_water_one_cm":722,"minecraft:leave_game":2,"minecraft:time_since_death":11387,"minecraft:talked_to_villager":1,"minecraft:interact_with_crafting_table":2,"minecraft:fall_one_cm":418,"minecraft:fly_one_cm":85649},"minecraft:mined":{"minecraft:grass_block":3,"minecraft:spruce_leaves":1,"minecraft:spruce_log":12,"minecraft:crafting_table":1},"minecraft:used":{"minecraft:wooden_axe":8,"minecraft:dirt":3,"minecraft:crafting_table":2,"minecraft:chest":2},"minecraft:crafted":{"minecraft:crafting_table":1,"minecraft:spruce_planks":24,"minecraft:stick":8,"minecraft:wooden_pickaxe":1,"minecraft:wooden_axe":1},"minecraft:picked_up":{"minecraft:flint_and_steel":1,"minecraft:iron_leggings":3,"minecraft:crafting_table":1,"minecraft:stick":4,"minecraft:spruce_planks":16,"minecraft:spruce_sapling":68,"minecraft:golden_boots":1,"minecraft:spruce_log":12,"minecraft:iron_sword":2,"minecraft:obsidian":3,"minecraft:dirt":3}},"DataVersion":2578}