{"stats":{"minecraft:used":{"minecraft:water_bucket":1,"minecraft:flint_and_steel":3,"minecraft:stone_pickaxe":122,"minecraft:oak_planks":11,"minecraft:chest":3,"minecraft:iron_sword":34,"minecraft:composter":1,"minecraft:stonecutter":1,"minecraft:fletching_table":4,"minecraft:stone_hoe":82,"minecraft:cooked_chicken":4,"minecraft:torch":1,"minecraft:dirt":94,"minecraft:crafting_table":3,"minecraft:blast_furnace":2,"minecraft:carrot":105,"minecraft:white_bed":6,"minecraft:obsidian":32,"minecraft:glass":208,"minecraft:wooden_axe":8,"minecraft:villager_spawn_egg":16,"minecraft:iron_pickaxe":245,"minecraft:polished_andesite_stairs":135,"minecraft:lectern":6,"minecraft:polished_andesite_slab":18,"minecraft:stone_axe":1,"minecraft:birch_trapdoor":19,"minecraft:furnace":1,"minecraft:grindstone":6,"minecraft:smithing_table":3,"minecraft:oak_boat":7,"minecraft:smooth_stone":278,"minecraft:bone_meal":186},"minecraft:custom":{"minecraft:interact_with_smithing_table":1,"minecraft:interact_with_furnace":14,"minecraft:mob_kills":7,"minecraft:interact_with_crafting_table":14,"minecraft:play_one_minute":106535,"minecraft:leave_game":5,"minecraft:time_since_death":106535,"minecraft:sleep_in_bed":3,"minecraft:time_since_rest":8090,"minecraft:sprint_one_cm":43955,"minecraft:damage_taken":464,"minecraft:walk_one_cm":90362,"minecraft:drop":6,"minecraft:damage_dealt":1390,"minecraft:talked_to_villager":30,"minecraft:fly_one_cm":527105,"minecraft:open_chest":12,"minecraft:crouch_one_cm":11166,"minecraft:sneak_time":7847,"minecraft:walk_under_water_one_cm":2122,"minecraft:jump":395,"minecraft:walk_on_water_one_cm":1599,"minecraft:fall_one_cm":6500},"minecraft:picked_up":{"minecraft:crafting_table":1,"minecraft:andesite":15,"minecraft:flint":1,"minecraft:golden_boots":1,"minecraft:lapis_lazuli":24,"minecraft:dirt":8,"minecraft:flint_and_steel":1,"minecraft:iron_leggings":3,"minecraft:wheat_seeds":1,"minecraft:spruce_planks":16,"minecraft:iron_ore":43,"minecraft:oak_planks":1,"minecraft:iron_sword":2,"minecraft:stick":4,"minecraft:polished_andesite_stairs":1,"minecraft:oak_fence":1,"minecraft:gravel":7,"minecraft:spruce_sapling":69,"minecraft:diorite":16,"minecraft:carrot":64,"minecraft:spruce_log":12,"minecraft:redstone":118,"minecraft:spider_eye":1,"minecraft:rotten_flesh":5,"minecraft:diamond":27,"minecraft:granite":19,"minecraft:obsidian":3,"minecraft:coal":18,"minecraft:rail":5,"minecraft:cobblestone":182},"minecraft:broken":{"minecraft:iron_pickaxe":1},"minecraft:killed":{"minecraft:cave_spider":1,"minecraft:skeleton":1,"minecraft:zombie":4,"minecraft:enderman":1},"minecraft:dropped":{"minecraft:carrot":320,"minecraft:polished_andesite_stairs":1},"minecraft:crafted":{"minecraft:oak_planks":256,"minecraft:crafting_table":1,"minecraft:spruce_planks":24,"minecraft:wooden_pickaxe":1,"minecraft:iron_helmet":1,"minecraft:furnace":1,"minecraft:air":0,"minecraft:iron_boots":1,"minecraft:iron_chestplate":1,"minecraft:iron_axe":1,"minecraft:stick":20,"minecraft:iron_ingot":43,"minecraft:iron_pickaxe":1,"minecraft:wooden_axe":1},"minecraft:mined":{"minecraft:diamond_ore":27,"minecraft:crafting_table":1,"minecraft:granite":19,"minecraft:grass_block":3,"minecraft:spruce_leaves":1,"minecraft:lapis_ore":4,"minecraft:oak_planks":1,"minecraft:diorite":16,"minecraft:redstone_ore":27,"minecraft:iron_ore":43,"minecraft:spruce_log":12,"minecraft:andesite":15,"minecraft:grass":9,"minecraft:coal_ore":18,"minecraft:rail":6,"minecraft:gravel":8,"minecraft:dirt":3,"minecraft:stone":179}},"DataVersion":2578}