{"stats":{"minecraft:used":{"minecraft:water_bucket":6,"minecraft:enchanting_table":1,"minecraft:flint_and_steel":3,"minecraft:stone_pickaxe":122,"minecraft:oak_planks":11,"minecraft:oak_sign":10,"minecraft:zombie_spawn_egg":2,"minecraft:chest":15,"minecraft:iron_sword":34,"minecraft:sugar_cane":28,"minecraft:composter":1,"minecraft:diamond_axe":1,"minecraft:stonecutter":1,"minecraft:fletching_table":4,"minecraft:stone_hoe":82,"minecraft:cooked_chicken":6,"minecraft:torch":3,"minecraft:dirt":96,"minecraft:sand":26,"minecraft:hopper":2,"minecraft:crafting_table":3,"minecraft:blast_furnace":2,"minecraft:carrot":105,"minecraft:white_bed":11,"minecraft:obsidian":32,"minecraft:glass":394,"minecraft:wooden_axe":8,"minecraft:diamond_pickaxe":2,"minecraft:lava_bucket":2,"minecraft:diamond_shovel":90,"minecraft:bookshelf":1,"minecraft:villager_spawn_egg":24,"minecraft:iron_axe":5,"minecraft:iron_pickaxe":249,"minecraft:polished_andesite_stairs":135,"minecraft:lectern":6,"minecraft:polished_andesite_slab":18,"minecraft:stone_axe":1,"minecraft:birch_trapdoor":19,"minecraft:diamond_sword":37,"minecraft:furnace":1,"minecraft:grindstone":6,"minecraft:smithing_table":3,"minecraft:bucket":3,"minecraft:smooth_stone_slab":26,"minecraft:oak_boat":8,"minecraft:smooth_stone":347,"minecraft:bone_meal":186},"minecraft:custom":{"minecraft:interact_with_smithing_table":1,"minecraft:interact_with_furnace":16,"minecraft:mob_kills":15,"minecraft:traded_with_villager":10,"minecraft:interact_with_crafting_table":28,"minecraft:play_one_minute":178535,"minecraft:leave_game":5,"minecraft:time_since_death":71041,"minecraft:sleep_in_bed":6,"minecraft:time_since_rest":3776,"minecraft:sprint_one_cm":76656,"minecraft:damage_taken":758,"minecraft:walk_one_cm":138256,"minecraft:drop":8,"minecraft:damage_dealt":3741,"minecraft:swim_one_cm":1522,"minecraft:talked_to_villager":46,"minecraft:fly_one_cm":804082,"minecraft:open_chest":43,"minecraft:crouch_one_cm":12513,"minecraft:deaths":1,"minecraft:sneak_time":9712,"minecraft:walk_under_water_one_cm":2219,"minecraft:boat_one_cm":3805,"minecraft:jump":787,"minecraft:walk_on_water_one_cm":4845,"minecraft:fall_one_cm":18298},"minecraft:picked_up":{"minecraft:iron_chestplate":1,"minecraft:crafting_table":1,"minecraft:water_bucket":1,"minecraft:andesite":38,"minecraft:string":1,"minecraft:flint":2,"minecraft:oak_log":1,"minecraft:shield":1,"minecraft:golden_boots":1,"minecraft:lapis_lazuli":48,"minecraft:dirt":46,"minecraft:iron_axe":1,"minecraft:flint_and_steel":2,"minecraft:iron_leggings":4,"minecraft:bone":2,"minecraft:wheat_seeds":4,"minecraft:spruce_planks":16,"minecraft:iron_ingot":15,"minecraft:cooked_chicken":57,"minecraft:iron_ore":54,"minecraft:iron_pickaxe":3,"minecraft:sugar_cane":25,"minecraft:chest":6,"minecraft:oak_planks":65,"minecraft:iron_sword":3,"minecraft:iron_boots":1,"minecraft:book":3,"minecraft:stick":4,"minecraft:polished_andesite_stairs":1,"minecraft:oak_fence":1,"minecraft:torch":1,"minecraft:gravel":14,"minecraft:sand":49,"minecraft:spruce_sapling":69,"minecraft:diorite":47,"minecraft:carrot":64,"minecraft:spruce_log":12,"minecraft:redstone":259,"minecraft:spider_eye":1,"minecraft:arrow":6,"minecraft:rotten_flesh":10,"minecraft:diamond":74,"minecraft:iron_helmet":1,"minecraft:granite":39,"minecraft:obsidian":3,"minecraft:coal":30,"minecraft:rail":5,"minecraft:cobblestone":388},"minecraft:broken":{"minecraft:iron_pickaxe":1},"minecraft:killed":{"minecraft:cave_spider":1,"minecraft:spider":1,"minecraft:iron_golem":1,"minecraft:skeleton":2,"minecraft:zombie":6,"minecraft:villager":3,"minecraft:enderman":1},"minecraft:dropped":{"minecraft:carrot":320,"minecraft:chest":2,"minecraft:polished_andesite_stairs":1},"minecraft:crafted":{"minecraft:oak_planks":256,"minecraft:diamond_sword":1,"minecraft:emerald":9,"minecraft:diamond_axe":1,"minecraft:enchanting_table":1,"minecraft:crafting_table":1,"minecraft:spruce_planks":24,"minecraft:wooden_pickaxe":1,"minecraft:iron_helmet":1,"minecraft:furnace":1,"minecraft:bucket":1,"minecraft:diamond_shovel":1,"minecraft:bookshelf":1,"minecraft:air":0,"minecraft:diamond_helmet":1,"minecraft:diamond_leggings":1,"minecraft:iron_boots":1,"minecraft:iron_chestplate":1,"minecraft:diamond_pickaxe":1,"minecraft:iron_axe":1,"minecraft:stick":316,"minecraft:iron_ingot":43,"minecraft:iron_pickaxe":1,"minecraft:wooden_axe":1,"minecraft:chest":8,"minecraft:diamond_boots":1,"minecraft:diamond_chestplate":1},"minecraft:mined":{"minecraft:diamond_ore":27,"minecraft:crafting_table":1,"minecraft:granite":19,"minecraft:grass_block":40,"minecraft:chest":4,"minecraft:spruce_leaves":1,"minecraft:sugar_cane":16,"minecraft:lapis_ore":4,"minecraft:oak_planks":1,"minecraft:diorite":16,"minecraft:redstone_ore":27,"minecraft:iron_ore":43,"minecraft:spruce_log":12,"minecraft:andesite":15,"minecraft:grass":15,"minecraft:bookshelf":1,"minecraft:coal_ore":18,"minecraft:rail":6,"minecraft:gravel":8,"minecraft:sand":49,"minecraft:dirt":4,"minecraft:stone":183}},"DataVersion":2578}