{"stats":{"minecraft:used":{"minecraft:enchanting_table":1,"minecraft:flint_and_steel":3,"minecraft:oak_sign":10,"minecraft:chest":15,"minecraft:shield":35,"minecraft:iron_sword":34,"minecraft:zombie_spawn_egg":2,"minecraft:stone_hoe":82,"minecraft:cooked_chicken":24,"minecraft:torch":3,"minecraft:dirt":115,"minecraft:hopper":2,"minecraft:carrot":105,"minecraft:obsidian":32,"minecraft:glass":394,"minecraft:wooden_axe":8,"minecraft:lava_bucket":2,"minecraft:bookshelf":1,"minecraft:villager_spawn_egg":24,"minecraft:iron_axe":5,"minecraft:polished_andesite_stairs":135,"minecraft:birch_trapdoor":19,"minecraft:bow":18,"minecraft:furnace":1,"minecraft:water_bucket":11,"minecraft:stone_pickaxe":122,"minecraft:oak_planks":11,"minecraft:composter":1,"minecraft:sugar_cane":69,"minecraft:stonecutter":1,"minecraft:fletching_table":4,"minecraft:diamond_axe":5,"minecraft:sand":52,"minecraft:crafting_table":3,"minecraft:blast_furnace":2,"minecraft:white_bed":11,"minecraft:diamond_pickaxe":4,"minecraft:diamond_shovel":145,"minecraft:iron_pickaxe":249,"minecraft:lectern":6,"minecraft:polished_andesite_slab":18,"minecraft:stone_axe":1,"minecraft:diamond_sword":123,"minecraft:grindstone":6,"minecraft:smithing_table":3,"minecraft:bucket":8,"minecraft:smooth_stone_slab":26,"minecraft:oak_boat":8,"minecraft:smooth_stone":347,"minecraft:bone_meal":186},"minecraft:custom":{"minecraft:interact_with_smithing_table":1,"minecraft:mob_kills":27,"minecraft:interact_with_crafting_table":28,"minecraft:damage_dealt_resisted":538,"minecraft:leave_game":8,"minecraft:time_since_death":108745,"minecraft:sprint_one_cm":128007,"minecraft:walk_one_cm":212022,"minecraft:damage_blocked_by_shield":1571,"minecraft:drop":56,"minecraft:talked_to_villager":49,"minecraft:deaths":1,"minecraft:sneak_time":10152,"minecraft:walk_under_water_one_cm":2219,"minecraft:boat_one_cm":4775,"minecraft:jump":1413,"minecraft:walk_on_water_one_cm":8135,"minecraft:interact_with_furnace":16,"minecraft:traded_with_villager":10,"minecraft:play_one_minute":216239,"minecraft:sleep_in_bed":8,"minecraft:time_since_rest":20937,"minecraft:damage_taken":1921,"minecraft:damage_dealt":7426,"minecraft:swim_one_cm":1522,"minecraft:fly_one_cm":914824,"minecraft:open_chest":46,"minecraft:crouch_one_cm":13442,"minecraft:fall_one_cm":34554},"minecraft:picked_up":{"minecraft:iron_chestplate":1,"minecraft:crafting_table":1,"minecraft:shield":1,"minecraft:string":1,"minecraft:iron_axe":1,"minecraft:flint_and_steel":2,"minecraft:iron_leggings":4,"minecraft:gold_nugget":2,"minecraft:spruce_planks":16,"minecraft:poppy":3,"minecraft:iron_pickaxe":3,"minecraft:sugar_cane":60,"minecraft:chest":6,"minecraft:iron_boots":1,"minecraft:stick":4,"minecraft:oak_fence":1,"minecraft:torch":1,"minecraft:diorite":47,"minecraft:carrot":64,"minecraft:redstone":259,"minecraft:arrow":6,"minecraft:rotten_flesh":11,"minecraft:obsidian":3,"minecraft:rail":5,"minecraft:cobblestone":388,"minecraft:water_bucket":1,"minecraft:andesite":38,"minecraft:flint":2,"minecraft:oak_log":1,"minecraft:golden_boots":1,"minecraft:lapis_lazuli":48,"minecraft:dirt":96,"minecraft:bone":2,"minecraft:bow":1,"minecraft:wheat_seeds":9,"minecraft:iron_ingot":23,"minecraft:cooked_chicken":80,"minecraft:iron_ore":54,"minecraft:oak_planks":65,"minecraft:iron_sword":3,"minecraft:book":3,"minecraft:polished_andesite_stairs":1,"minecraft:gravel":14,"minecraft:sand":56,"minecraft:spruce_sapling":70,"minecraft:spruce_log":12,"minecraft:spider_eye":1,"minecraft:diamond":74,"minecraft:iron_helmet":1,"minecraft:granite":39,"minecraft:coal":30},"minecraft:broken":{"minecraft:iron_pickaxe":1},"minecraft:killed":{"minecraft:cave_spider":1,"minecraft:zombified_piglin":3,"minecraft:spider":1,"minecraft:skeleton":3,"minecraft:iron_golem":3,"minecraft:zombie":11,"minecraft:villager":4,"minecraft:enderman":1},"minecraft:dropped":{"minecraft:diamond":4,"minecraft:polished_andesite_stairs":1,"minecraft:iron_pickaxe":1,"minecraft:cooked_chicken":37,"minecraft:oak_planks":22,"minecraft:carrot":320,"minecraft:potato":3,"minecraft:tipped_arrow":2,"minecraft:chest":2},"minecraft:crafted":{"minecraft:oak_planks":256,"minecraft:furnace":1,"minecraft:diamond_shovel":1,"minecraft:bookshelf":1,"minecraft:diamond_helmet":1,"minecraft:diamond_leggings":1,"minecraft:iron_boots":1,"minecraft:iron_axe":1,"minecraft:chest":8,"minecraft:diamond_boots":1,"minecraft:diamond_sword":1,"minecraft:emerald":9,"minecraft:diamond_axe":1,"minecraft:crafting_table":1,"minecraft:spruce_planks":24,"minecraft:enchanting_table":1,"minecraft:wooden_pickaxe":1,"minecraft:iron_helmet":1,"minecraft:bucket":1,"minecraft:air":0,"minecraft:iron_chestplate":1,"minecraft:diamond_pickaxe":1,"minecraft:stick":316,"minecraft:iron_ingot":43,"minecraft:iron_pickaxe":1,"minecraft:wooden_axe":1,"minecraft:diamond_chestplate":1},"minecraft:mined":{"minecraft:diamond_ore":27,"minecraft:granite":19,"minecraft:grass_block":74,"minecraft:spruce_leaves":1,"minecraft:redstone_ore":27,"minecraft:iron_ore":43,"minecraft:andesite":15,"minecraft:bookshelf":1,"minecraft:rail":6,"minecraft:stone":183,"minecraft:crafting_table":1,"minecraft:chest":4,"minecraft:tall_grass":2,"minecraft:glass":2,"minecraft:lapis_ore":4,"minecraft:sugar_cane":50,"minecraft:oak_planks":1,"minecraft:diorite":16,"minecraft:spruce_log":12,"minecraft:grass_path":14,"minecraft:grass":24,"minecraft:coal_ore":18,"minecraft:gravel":8,"minecraft:sand":56,"minecraft:dirt":6,"minecraft:netherrack":2}},"DataVersion":2578}