{"stats":{"minecraft:used":{"minecraft:stone_pickaxe":69,"minecraft:wooden_pickaxe":3,"minecraft:spruce_planks":12,"minecraft:shield":16,"minecraft:iron_sword":138,"minecraft:fletching_table":4,"minecraft:torch":19,"minecraft:dirt":3,"minecraft:crafting_table":7,"minecraft:white_bed":2,"minecraft:wooden_axe":31,"minecraft:wooden_hoe":14,"minecraft:iron_axe":85,"minecraft:bread":13,"minecraft:iron_pickaxe":154,"minecraft:cobblestone":20,"minecraft:sweet_berries":11,"minecraft:furnace":2,"minecraft:oak_boat":1,"minecraft:coarse_dirt":2},"minecraft:custom":{"minecraft:interact_with_furnace":16,"minecraft:mob_kills":42,"minecraft:interact_with_crafting_table":21,"minecraft:play_one_minute":55190,"minecraft:leave_game":1,"minecraft:time_since_death":55190,"minecraft:sleep_in_bed":3,"minecraft:time_since_rest":8839,"minecraft:sprint_one_cm":87923,"minecraft:damage_taken":543,"minecraft:walk_one_cm":86734,"minecraft:damage_blocked_by_shield":540,"minecraft:drop":5,"minecraft:damage_dealt":6516,"minecraft:talked_to_villager":2,"minecraft:swim_one_cm":6241,"minecraft:fly_one_cm":104832,"minecraft:open_chest":12,"minecraft:crouch_one_cm":2584,"minecraft:sneak_time":1828,"minecraft:walk_under_water_one_cm":2051,"minecraft:boat_one_cm":3829,"minecraft:jump":735,"minecraft:walk_on_water_one_cm":2907,"minecraft:fall_one_cm":16805},"minecraft:picked_up":{"minecraft:coarse_dirt":2,"minecraft:crafting_table":7,"minecraft:leather":6,"minecraft:brown_mushroom":1,"minecraft:lead":2,"minecraft:flint":2,"minecraft:oak_log":50,"minecraft:dirt":3,"minecraft:bone":5,"minecraft:wheat_seeds":6,"minecraft:spruce_planks":4,"minecraft:iron_ingot":9,"minecraft:beef":9,"minecraft:iron_ore":42,"minecraft:fletching_table":4,"minecraft:oak_planks":2,"minecraft:furnace":2,"minecraft:stick":2,"minecraft:sweet_berries":8,"minecraft:torch":1,"minecraft:gravel":9,"minecraft:porkchop":3,"minecraft:spruce_sapling":1,"minecraft:white_bed":1,"minecraft:spruce_log":13,"minecraft:spider_eye":1,"minecraft:arrow":9,"minecraft:rotten_flesh":23,"minecraft:hay_block":13,"minecraft:cobblestone":85,"minecraft:mutton":8,"minecraft:coal":140,"minecraft:white_wool":5},"minecraft:broken":{"minecraft:wooden_axe":1},"minecraft:killed":{"minecraft:pig":2,"minecraft:spider":1,"minecraft:sheep":5,"minecraft:skeleton":7,"minecraft:trader_llama":2,"minecraft:zombie":21,"minecraft:cow":4},"minecraft:dropped":{"minecraft:iron_ingot":9,"minecraft:wheat_seeds":5,"minecraft:oak_planks":2,"minecraft:spider_eye":1,"minecraft:spruce_sapling":1},"minecraft:crafted":{"minecraft:oak_planks":200,"minecraft:crafting_table":1,"minecraft:spruce_planks":52,"minecraft:wooden_pickaxe":1,"minecraft:iron_helmet":1,"minecraft:iron_sword":1,"minecraft:furnace":1,"minecraft:fletching_table":1,"minecraft:bread":39,"minecraft:air":0,"minecraft:oak_boat":1,"minecraft:iron_boots":1,"minecraft:wooden_hoe":1,"minecraft:iron_chestplate":1,"minecraft:shield":1,"minecraft:iron_axe":1,"minecraft:stick":16,"minecraft:iron_ingot":42,"minecraft:iron_pickaxe":1,"minecraft:stone_pickaxe":1,"minecraft:wooden_axe":1,"minecraft:iron_leggings":1,"minecraft:white_bed":1,"minecraft:torch":20,"minecraft:wheat":117},"minecraft:mined":{"minecraft:podzol":1,"minecraft:spruce_planks":4,"minecraft:white_bed":1,"minecraft:brown_mushroom":1,"minecraft:crafting_table":7,"minecraft:torch":1,"minecraft:tall_grass":22,"minecraft:cobblestone":6,"minecraft:spruce_leaves":10,"minecraft:large_fern":1,"minecraft:hay_block":13,"minecraft:coarse_dirt":2,"minecraft:furnace":2,"minecraft:iron_ore":42,"minecraft:sweet_berry_bush":5,"minecraft:spruce_log":13,"minecraft:fletching_table":4,"minecraft:grass":52,"minecraft:oak_log":52,"minecraft:coal_ore":85,"minecraft:gravel":12,"minecraft:dirt":2,"minecraft:stone":80,"minecraft:oak_leaves":4,"minecraft:fern":2}},"DataVersion":2578}