{"stats":{"minecraft:used":{"minecraft:stone_pickaxe":69,"minecraft:wooden_pickaxe":3,"minecraft:spruce_planks":12,"minecraft:shield":16,"minecraft:iron_sword":117,"minecraft:torch":19,"minecraft:dirt":3,"minecraft:crafting_table":4,"minecraft:white_bed":1,"minecraft:wooden_axe":31,"minecraft:wooden_hoe":14,"minecraft:iron_axe":17,"minecraft:bread":11,"minecraft:iron_pickaxe":100,"minecraft:cobblestone":20,"minecraft:sweet_berries":5,"minecraft:furnace":2,"minecraft:coarse_dirt":2},"minecraft:custom":{"minecraft:interact_with_furnace":16,"minecraft:mob_kills":41,"minecraft:interact_with_crafting_table":17,"minecraft:play_one_minute":43190,"minecraft:leave_game":1,"minecraft:time_since_death":43190,"minecraft:sleep_in_bed":2,"minecraft:time_since_rest":9792,"minecraft:sprint_one_cm":52043,"minecraft:damage_taken":533,"minecraft:walk_one_cm":65416,"minecraft:damage_blocked_by_shield":540,"minecraft:damage_dealt":6416,"minecraft:swim_one_cm":4914,"minecraft:fly_one_cm":59697,"minecraft:open_chest":12,"minecraft:crouch_one_cm":2584,"minecraft:sneak_time":1800,"minecraft:walk_under_water_one_cm":1578,"minecraft:jump":517,"minecraft:walk_on_water_one_cm":936,"minecraft:fall_one_cm":10707},"minecraft:picked_up":{"minecraft:coarse_dirt":2,"minecraft:crafting_table":4,"minecraft:leather":6,"minecraft:brown_mushroom":1,"minecraft:lead":2,"minecraft:dirt":3,"minecraft:bone":5,"minecraft:wheat_seeds":3,"minecraft:spruce_planks":4,"minecraft:beef":9,"minecraft:iron_ore":42,"minecraft:furnace":2,"minecraft:stick":2,"minecraft:sweet_berries":8,"minecraft:torch":1,"minecraft:porkchop":1,"minecraft:spruce_sapling":1,"minecraft:white_bed":1,"minecraft:spruce_log":13,"minecraft:spider_eye":1,"minecraft:arrow":9,"minecraft:rotten_flesh":23,"minecraft:hay_block":13,"minecraft:cobblestone":41,"minecraft:mutton":8,"minecraft:coal":140,"minecraft:white_wool":5},"minecraft:broken":{"minecraft:wooden_axe":1},"minecraft:killed":{"minecraft:pig":1,"minecraft:spider":1,"minecraft:sheep":5,"minecraft:skeleton":7,"minecraft:trader_llama":2,"minecraft:zombie":21,"minecraft:cow":4},"minecraft:crafted":{"minecraft:crafting_table":1,"minecraft:spruce_planks":52,"minecraft:wooden_pickaxe":1,"minecraft:iron_helmet":1,"minecraft:iron_sword":1,"minecraft:furnace":1,"minecraft:bread":39,"minecraft:air":0,"minecraft:iron_boots":1,"minecraft:wooden_hoe":1,"minecraft:iron_chestplate":1,"minecraft:shield":1,"minecraft:iron_axe":1,"minecraft:stick":16,"minecraft:iron_ingot":42,"minecraft:iron_pickaxe":1,"minecraft:stone_pickaxe":1,"minecraft:wooden_axe":1,"minecraft:iron_leggings":1,"minecraft:white_bed":1,"minecraft:torch":20,"minecraft:wheat":117},"minecraft:mined":{"minecraft:podzol":1,"minecraft:spruce_planks":4,"minecraft:white_bed":1,"minecraft:brown_mushroom":1,"minecraft:crafting_table":4,"minecraft:torch":1,"minecraft:tall_grass":8,"minecraft:cobblestone":6,"minecraft:spruce_leaves":10,"minecraft:large_fern":1,"minecraft:hay_block":13,"minecraft:coarse_dirt":2,"minecraft:furnace":2,"minecraft:iron_ore":42,"minecraft:sweet_berry_bush":3,"minecraft:spruce_log":13,"minecraft:grass":10,"minecraft:coal_ore":85,"minecraft:dirt":2,"minecraft:stone":36,"minecraft:fern":2}},"DataVersion":2578}