{"stats":{"minecraft:used":{"minecraft:wooden_axe":12,"minecraft:wooden_hoe":14,"minecraft:wooden_pickaxe":2,"minecraft:dirt":3,"minecraft:crafting_table":2,"minecraft:sweet_berries":5,"minecraft:coarse_dirt":2},"minecraft:custom":{"minecraft:time_since_rest":7190,"minecraft:sprint_one_cm":22101,"minecraft:damage_taken":30,"minecraft:walk_one_cm":20561,"minecraft:mob_kills":8,"minecraft:damage_dealt":720,"minecraft:swim_one_cm":850,"minecraft:interact_with_crafting_table":2,"minecraft:fly_one_cm":31816,"minecraft:crouch_one_cm":301,"minecraft:play_one_minute":7190,"minecraft:sneak_time":198,"minecraft:walk_under_water_one_cm":1110,"minecraft:jump":235,"minecraft:leave_game":1,"minecraft:time_since_death":7190,"minecraft:walk_on_water_one_cm":388,"minecraft:fall_one_cm":6229},"minecraft:picked_up":{"minecraft:stick":2,"minecraft:crafting_table":2,"minecraft:coarse_dirt":2,"minecraft:sweet_berries":8,"minecraft:leather":3,"minecraft:spruce_sapling":1,"minecraft:spruce_log":13,"minecraft:dirt":3,"minecraft:hay_block":13,"minecraft:beef":9,"minecraft:mutton":7,"minecraft:white_wool":4,"minecraft:cobblestone":2},"minecraft:killed":{"minecraft:sheep":4,"minecraft:cow":4},"minecraft:crafted":{"minecraft:wooden_hoe":1,"minecraft:crafting_table":1,"minecraft:spruce_planks":52,"minecraft:stick":4,"minecraft:wooden_pickaxe":1,"minecraft:wooden_axe":1},"minecraft:mined":{"minecraft:large_fern":1,"minecraft:podzol":1,"minecraft:hay_block":13,"minecraft:coarse_dirt":2,"minecraft:sweet_berry_bush":3,"minecraft:spruce_log":13,"minecraft:crafting_table":2,"minecraft:dirt":2,"minecraft:tall_grass":1,"minecraft:spruce_leaves":10,"minecraft:stone":2,"minecraft:fern":2}},"DataVersion":2578}