{"stats":{"minecraft:used":{"minecraft:stone_pickaxe":69,"minecraft:wooden_pickaxe":3,"minecraft:spruce_planks":12,"minecraft:shield":7,"minecraft:iron_sword":57,"minecraft:torch":4,"minecraft:dirt":3,"minecraft:crafting_table":3,"minecraft:white_bed":1,"minecraft:wooden_axe":31,"minecraft:wooden_hoe":14,"minecraft:iron_axe":2,"minecraft:bread":8,"minecraft:iron_pickaxe":3,"minecraft:cobblestone":18,"minecraft:sweet_berries":5,"minecraft:furnace":1,"minecraft:coarse_dirt":2},"minecraft:custom":{"minecraft:interact_with_furnace":13,"minecraft:mob_kills":24,"minecraft:interact_with_crafting_table":15,"minecraft:play_one_minute":19190,"minecraft:leave_game":1,"minecraft:time_since_death":19190,"minecraft:sleep_in_bed":1,"minecraft:time_since_rest":1604,"minecraft:sprint_one_cm":33364,"minecraft:damage_taken":430,"minecraft:walk_one_cm":40312,"minecraft:damage_blocked_by_shield":195,"minecraft:damage_dealt":3628,"minecraft:swim_one_cm":850,"minecraft:fly_one_cm":40136,"minecraft:crouch_one_cm":2377,"minecraft:sneak_time":1694,"minecraft:walk_under_water_one_cm":1110,"minecraft:jump":338,"minecraft:walk_on_water_one_cm":388,"minecraft:fall_one_cm":8073},"minecraft:picked_up":{"minecraft:coarse_dirt":2,"minecraft:crafting_table":3,"minecraft:leather":3,"minecraft:brown_mushroom":1,"minecraft:dirt":3,"minecraft:bone":4,"minecraft:spruce_planks":4,"minecraft:beef":9,"minecraft:iron_ore":24,"minecraft:furnace":1,"minecraft:stick":2,"minecraft:sweet_berries":8,"minecraft:spruce_sapling":1,"minecraft:white_bed":1,"minecraft:spruce_log":13,"minecraft:arrow":6,"minecraft:rotten_flesh":9,"minecraft:hay_block":13,"minecraft:cobblestone":31,"minecraft:mutton":7,"minecraft:coal":18,"minecraft:white_wool":4},"minecraft:broken":{"minecraft:wooden_axe":1},"minecraft:killed":{"minecraft:sheep":4,"minecraft:skeleton":5,"minecraft:zombie":11,"minecraft:cow":4},"minecraft:crafted":{"minecraft:crafting_table":1,"minecraft:spruce_planks":52,"minecraft:wooden_pickaxe":1,"minecraft:iron_sword":1,"minecraft:furnace":1,"minecraft:bread":39,"minecraft:air":0,"minecraft:wooden_hoe":1,"minecraft:iron_chestplate":1,"minecraft:shield":1,"minecraft:iron_axe":1,"minecraft:stick":16,"minecraft:iron_ingot":24,"minecraft:iron_pickaxe":1,"minecraft:stone_pickaxe":1,"minecraft:wooden_axe":1,"minecraft:iron_leggings":1,"minecraft:white_bed":1,"minecraft:torch":20,"minecraft:wheat":117},"minecraft:mined":{"minecraft:podzol":1,"minecraft:spruce_planks":4,"minecraft:white_bed":1,"minecraft:brown_mushroom":1,"minecraft:crafting_table":3,"minecraft:tall_grass":1,"minecraft:cobblestone":3,"minecraft:spruce_leaves":10,"minecraft:large_fern":1,"minecraft:hay_block":13,"minecraft:coarse_dirt":2,"minecraft:furnace":1,"minecraft:iron_ore":24,"minecraft:sweet_berry_bush":3,"minecraft:spruce_log":13,"minecraft:coal_ore":18,"minecraft:dirt":2,"minecraft:stone":28,"minecraft:fern":2}},"DataVersion":2578}