{"stats":{"minecraft:used":{"minecraft:stone_pickaxe":69,"minecraft:wooden_pickaxe":3,"minecraft:spruce_planks":12,"minecraft:shield":17,"minecraft:iron_sword":209,"minecraft:fletching_table":4,"minecraft:torch":20,"minecraft:dirt":3,"minecraft:crafting_table":7,"minecraft:white_bed":2,"minecraft:wooden_axe":31,"minecraft:wooden_hoe":14,"minecraft:bread":20,"minecraft:iron_axe":85,"minecraft:iron_pickaxe":162,"minecraft:gravel":9,"minecraft:cobblestone":33,"minecraft:sweet_berries":11,"minecraft:furnace":2,"minecraft:oak_boat":3,"minecraft:coarse_dirt":2},"minecraft:custom":{"minecraft:interact_with_furnace":16,"minecraft:mob_kills":50,"minecraft:interact_with_crafting_table":21,"minecraft:play_one_minute":82696,"minecraft:leave_game":3,"minecraft:time_since_death":82696,"minecraft:sleep_in_bed":4,"minecraft:time_since_rest":18483,"minecraft:sprint_one_cm":158044,"minecraft:damage_taken":836,"minecraft:walk_one_cm":142620,"minecraft:damage_blocked_by_shield":575,"minecraft:drop":11,"minecraft:damage_dealt":8185,"minecraft:swim_one_cm":8481,"minecraft:talked_to_villager":2,"minecraft:fly_one_cm":182568,"minecraft:open_chest":14,"minecraft:crouch_one_cm":5009,"minecraft:sneak_time":2477,"minecraft:walk_under_water_one_cm":3218,"minecraft:boat_one_cm":15353,"minecraft:jump":1254,"minecraft:walk_on_water_one_cm":3941,"minecraft:fall_one_cm":29490},"minecraft:picked_up":{"minecraft:crafting_table":7,"minecraft:coarse_dirt":2,"minecraft:leather":6,"minecraft:brown_mushroom":2,"minecraft:lead":2,"minecraft:potato":1,"minecraft:flint":2,"minecraft:oak_log":50,"minecraft:dirt":3,"minecraft:bone":5,"minecraft:wheat_seeds":19,"minecraft:spruce_planks":4,"minecraft:iron_ingot":9,"minecraft:beef":9,"minecraft:oak_boat":2,"minecraft:iron_ore":42,"minecraft:fletching_table":4,"minecraft:oak_planks":2,"minecraft:egg":1,"minecraft:furnace":2,"minecraft:stick":2,"minecraft:sweet_berries":8,"minecraft:torch":1,"minecraft:gravel":9,"minecraft:porkchop":3,"minecraft:spruce_sapling":1,"minecraft:white_bed":1,"minecraft:spruce_log":13,"minecraft:spider_eye":1,"minecraft:arrow":9,"minecraft:rotten_flesh":29,"minecraft:hay_block":13,"minecraft:mutton":8,"minecraft:coal":140,"minecraft:white_wool":5,"minecraft:cobblestone":90,"minecraft:oxeye_daisy":2},"minecraft:broken":{"minecraft:wooden_axe":1},"minecraft:killed":{"minecraft:pig":2,"minecraft:spider":3,"minecraft:sheep":5,"minecraft:skeleton":7,"minecraft:trader_llama":2,"minecraft:zombie":27,"minecraft:cow":4},"minecraft:dropped":{"minecraft:bread":5,"minecraft:iron_ingot":9,"minecraft:wheat_seeds":18,"minecraft:oak_planks":2,"minecraft:spider_eye":1,"minecraft:spruce_sapling":1},"minecraft:crafted":{"minecraft:oak_planks":200,"minecraft:crafting_table":1,"minecraft:spruce_planks":52,"minecraft:wooden_pickaxe":1,"minecraft:iron_helmet":1,"minecraft:iron_sword":1,"minecraft:furnace":1,"minecraft:fletching_table":1,"minecraft:bread":39,"minecraft:air":0,"minecraft:oak_boat":1,"minecraft:iron_boots":1,"minecraft:iron_chestplate":1,"minecraft:wooden_hoe":1,"minecraft:shield":1,"minecraft:iron_axe":1,"minecraft:stick":16,"minecraft:iron_ingot":42,"minecraft:iron_pickaxe":1,"minecraft:stone_pickaxe":1,"minecraft:wooden_axe":1,"minecraft:iron_leggings":1,"minecraft:white_bed":1,"minecraft:torch":20,"minecraft:wheat":117},"minecraft:mined":{"minecraft:podzol":1,"minecraft:spruce_planks":4,"minecraft:white_bed":1,"minecraft:brown_mushroom":1,"minecraft:crafting_table":7,"minecraft:torch":1,"minecraft:dead_bush":1,"minecraft:tall_grass":39,"minecraft:cobblestone":8,"minecraft:spruce_leaves":13,"minecraft:large_fern":15,"minecraft:hay_block":13,"minecraft:coarse_dirt":2,"minecraft:furnace":2,"minecraft:iron_ore":42,"minecraft:sweet_berry_bush":6,"minecraft:spruce_log":13,"minecraft:fletching_table":4,"minecraft:grass":164,"minecraft:oak_log":52,"minecraft:coal_ore":85,"minecraft:gravel":12,"minecraft:dirt":2,"minecraft:stone":80,"minecraft:oak_leaves":4,"minecraft:fern":24}},"DataVersion":2578}