{"stats":{"minecraft:used":{"minecraft:wheat_seeds":1,"minecraft:iron_axe":3,"minecraft:shield":15,"minecraft:iron_sword":22,"minecraft:cooked_chicken":5,"minecraft:cobblestone":7,"minecraft:crafting_table":1,"minecraft:oak_boat":2,"minecraft:white_bed":1},"minecraft:custom":{"minecraft:time_since_rest":13510,"minecraft:interact_with_furnace":1,"minecraft:sprint_one_cm":16126,"minecraft:damage_taken":407,"minecraft:walk_one_cm":20349,"minecraft:damage_blocked_by_shield":286,"minecraft:mob_kills":5,"minecraft:damage_dealt":1120,"minecraft:fly_one_cm":16144,"minecraft:interact_with_crafting_table":1,"minecraft:open_chest":10,"minecraft:crouch_one_cm":2454,"minecraft:play_one_minute":13510,"minecraft:sneak_time":853,"minecraft:boat_one_cm":6063,"minecraft:jump":687,"minecraft:walk_on_water_one_cm":777,"minecraft:time_since_death":13510,"minecraft:fall_one_cm":3088},"minecraft:picked_up":{"minecraft:crafting_table":1,"minecraft:potato":7,"minecraft:oak_log":1,"minecraft:spruce_log":1,"minecraft:white_bed":1,"minecraft:string":1,"minecraft:dirt":2,"minecraft:bone":3,"minecraft:diamond":4,"minecraft:bow":1,"minecraft:gold_nugget":1,"minecraft:wheat_seeds":3,"minecraft:iron_ingot":19,"minecraft:cooked_chicken":14,"minecraft:oak_boat":2,"minecraft:oak_planks":22},"minecraft:killed":{"minecraft:skeleton":1,"minecraft:zombified_piglin":4},"minecraft:crafted":{"minecraft:iron_boots":1,"minecraft:iron_chestplate":1,"minecraft:shield":1,"minecraft:iron_axe":1,"minecraft:crafting_table":1,"minecraft:spruce_planks":4,"minecraft:stick":16,"minecraft:iron_pickaxe":1,"minecraft:iron_helmet":2,"minecraft:iron_sword":1,"minecraft:iron_leggings":1},"minecraft:mined":{"minecraft:white_bed":1,"minecraft:carrots":1,"minecraft:spruce_log":1,"minecraft:crafting_table":1,"minecraft:grass":7,"minecraft:grass_block":2,"minecraft:potatoes":2,"minecraft:oak_log":1}},"DataVersion":2578}