{"stats":{"minecraft:custom":{"minecraft:interact_with_furnace":1,"minecraft:mob_kills":12,"minecraft:traded_with_villager":14,"minecraft:interact_with_crafting_table":1,"minecraft:play_one_minute":25510,"minecraft:time_since_death":25510,"minecraft:time_since_rest":25510,"minecraft:sprint_one_cm":34005,"minecraft:damage_taken":661,"minecraft:walk_one_cm":46558,"minecraft:damage_blocked_by_shield":416,"minecraft:drop":9,"minecraft:damage_dealt":2432,"minecraft:talked_to_villager":17,"minecraft:fly_one_cm":28993,"minecraft:open_chest":12,"minecraft:crouch_one_cm":5178,"minecraft:sneak_time":2112,"minecraft:boat_one_cm":6063,"minecraft:jump":1903,"minecraft:walk_on_water_one_cm":777,"minecraft:fall_one_cm":4195},"minecraft:used":{"minecraft:wheat_seeds":1,"minecraft:water_bucket":1,"minecraft:shield":20,"minecraft:iron_sword":65,"minecraft:cooked_chicken":11,"minecraft:dirt":1,"minecraft:crafting_table":1,"minecraft:white_bed":1,"minecraft:iron_axe":175,"minecraft:iron_pickaxe":2,"minecraft:spruce_sapling":5,"minecraft:cobblestone":16,"minecraft:bucket":1,"minecraft:oak_boat":2,"minecraft:bone_meal":5},"minecraft:picked_up":{"minecraft:crafting_table":1,"minecraft:potato":7,"minecraft:oak_log":1,"minecraft:dirt":3,"minecraft:string":2,"minecraft:bone":5,"minecraft:bow":1,"minecraft:wheat_seeds":3,"minecraft:gold_nugget":1,"minecraft:iron_ingot":19,"minecraft:cooked_chicken":14,"minecraft:oak_boat":2,"minecraft:iron_pickaxe":1,"minecraft:oak_planks":22,"minecraft:iron_sword":1,"minecraft:stick":13,"minecraft:porkchop":1,"minecraft:stripped_spruce_log":1,"minecraft:spruce_sapling":15,"minecraft:white_bed":1,"minecraft:spruce_log":126,"minecraft:spider_eye":1,"minecraft:rotten_flesh":5,"minecraft:diamond":4,"minecraft:hay_block":9,"minecraft:cobblestone":2},"minecraft:killed":{"minecraft:pig":1,"minecraft:zombified_piglin":4,"minecraft:spider":1,"minecraft:skeleton":2,"minecraft:zombie":4},"minecraft:dropped":{"minecraft:iron_sword":1,"minecraft:stripped_spruce_log":1,"minecraft:wheat_seeds":2,"minecraft:rotten_flesh":5,"minecraft:spider_eye":1},"minecraft:crafted":{"minecraft:emerald":12,"minecraft:crafting_table":1,"minecraft:spruce_planks":396,"minecraft:iron_helmet":2,"minecraft:iron_sword":1,"minecraft:bone_meal":15,"minecraft:air":0,"minecraft:iron_chestplate":1,"minecraft:bow":2,"minecraft:iron_boots":1,"minecraft:shield":1,"minecraft:iron_axe":1,"minecraft:stick":816,"minecraft:iron_pickaxe":1,"minecraft:iron_leggings":1},"minecraft:mined":{"minecraft:white_bed":1,"minecraft:crafting_table":1,"minecraft:grass_block":2,"minecraft:tall_grass":6,"minecraft:cobblestone":2,"minecraft:spruce_leaves":42,"minecraft:hay_block":9,"minecraft:spruce_sapling":1,"minecraft:carrots":1,"minecraft:spruce_log":128,"minecraft:stripped_spruce_log":1,"minecraft:grass_path":1,"minecraft:grass":12,"minecraft:potatoes":2,"minecraft:oak_log":1}},"DataVersion":2578}