{"stats":{"minecraft:custom":{"minecraft:interact_with_furnace":1,"minecraft:mob_kills":12,"minecraft:traded_with_villager":44,"minecraft:interact_with_crafting_table":1,"minecraft:play_one_minute":37510,"minecraft:time_since_death":37510,"minecraft:time_since_rest":37510,"minecraft:sprint_one_cm":56549,"minecraft:damage_taken":891,"minecraft:walk_one_cm":78951,"minecraft:damage_blocked_by_shield":494,"minecraft:drop":10,"minecraft:damage_dealt":2676,"minecraft:talked_to_villager":66,"minecraft:fly_one_cm":46982,"minecraft:open_chest":12,"minecraft:crouch_one_cm":7258,"minecraft:sneak_time":2987,"minecraft:boat_one_cm":6063,"minecraft:jump":3105,"minecraft:walk_on_water_one_cm":878,"minecraft:fall_one_cm":6666},"minecraft:used":{"minecraft:wheat_seeds":10,"minecraft:water_bucket":1,"minecraft:shield":22,"minecraft:iron_sword":105,"minecraft:cooked_chicken":14,"minecraft:dirt":3,"minecraft:crafting_table":1,"minecraft:carrot":13,"minecraft:white_bed":1,"minecraft:iron_axe":225,"minecraft:iron_pickaxe":9,"minecraft:spruce_sapling":16,"minecraft:bow":3,"minecraft:cobblestone":26,"minecraft:bucket":1,"minecraft:oak_boat":2,"minecraft:potato":9,"minecraft:bone_meal":15},"minecraft:picked_up":{"minecraft:crafting_table":1,"minecraft:wheat":3,"minecraft:potato":18,"minecraft:oak_log":1,"minecraft:dirt":8,"minecraft:string":2,"minecraft:iron_axe":1,"minecraft:bone":5,"minecraft:bow":1,"minecraft:wheat_seeds":14,"minecraft:gold_nugget":1,"minecraft:iron_ingot":19,"minecraft:cooked_chicken":14,"minecraft:oak_boat":2,"minecraft:iron_pickaxe":1,"minecraft:oak_planks":22,"minecraft:iron_sword":1,"minecraft:tipped_arrow":2,"minecraft:stick":35,"minecraft:porkchop":1,"minecraft:stripped_spruce_log":1,"minecraft:spruce_sapling":48,"minecraft:carrot":20,"minecraft:white_bed":1,"minecraft:spruce_log":177,"minecraft:spider_eye":1,"minecraft:rotten_flesh":5,"minecraft:diamond":4,"minecraft:hay_block":9,"minecraft:cobblestone":9},"minecraft:killed":{"minecraft:pig":1,"minecraft:zombified_piglin":4,"minecraft:spider":1,"minecraft:skeleton":2,"minecraft:zombie":4},"minecraft:dropped":{"minecraft:iron_sword":1,"minecraft:stripped_spruce_log":1,"minecraft:wheat_seeds":2,"minecraft:rotten_flesh":5,"minecraft:spider_eye":1,"minecraft:bow":1},"minecraft:crafted":{"minecraft:oak_planks":8,"minecraft:arrow":48,"minecraft:emerald":38,"minecraft:crafting_table":1,"minecraft:spruce_planks":708,"minecraft:iron_helmet":2,"minecraft:iron_sword":2,"minecraft:bone_meal":15,"minecraft:air":0,"minecraft:iron_chestplate":1,"minecraft:bow":2,"minecraft:iron_boots":1,"minecraft:shield":1,"minecraft:iron_axe":1,"minecraft:stick":1456,"minecraft:iron_pickaxe":1,"minecraft:iron_leggings":1},"minecraft:mined":{"minecraft:podzol":5,"minecraft:white_bed":1,"minecraft:crafting_table":1,"minecraft:grass_block":2,"minecraft:tall_grass":7,"minecraft:cobblestone":9,"minecraft:spruce_leaves":43,"minecraft:sugar_cane":1,"minecraft:hay_block":9,"minecraft:spruce_sapling":3,"minecraft:carrots":15,"minecraft:wheat":5,"minecraft:spruce_log":178,"minecraft:stripped_spruce_log":1,"minecraft:grass_path":1,"minecraft:grass":25,"minecraft:potatoes":7,"minecraft:oak_log":1,"minecraft:fern":1}},"DataVersion":2578}