{"stats":{"minecraft:custom":{"minecraft:interact_with_furnace":1,"minecraft:mob_kills":21,"minecraft:traded_with_villager":53,"minecraft:interact_with_crafting_table":1,"minecraft:play_one_minute":48428,"minecraft:leave_game":2,"minecraft:time_since_death":48428,"minecraft:sleep_in_bed":1,"minecraft:damage_resisted":7,"minecraft:time_since_rest":7934,"minecraft:sprint_one_cm":81102,"minecraft:damage_taken":1449,"minecraft:walk_one_cm":101860,"minecraft:damage_blocked_by_shield":774,"minecraft:drop":10,"minecraft:damage_dealt":4446,"minecraft:swim_one_cm":15508,"minecraft:player_kills":1,"minecraft:talked_to_villager":73,"minecraft:fly_one_cm":84120,"minecraft:open_chest":14,"minecraft:crouch_one_cm":8653,"minecraft:sneak_time":3570,"minecraft:walk_under_water_one_cm":2241,"minecraft:boat_one_cm":6063,"minecraft:jump":3553,"minecraft:walk_on_water_one_cm":3393,"minecraft:fall_one_cm":11263},"minecraft:used":{"minecraft:wheat_seeds":10,"minecraft:water_bucket":1,"minecraft:shield":30,"minecraft:iron_sword":184,"minecraft:diamond_axe":7,"minecraft:cooked_chicken":14,"minecraft:dirt":13,"minecraft:crafting_table":1,"minecraft:carrot":29,"minecraft:white_bed":1,"minecraft:iron_axe":225,"minecraft:iron_pickaxe":17,"minecraft:spruce_sapling":16,"minecraft:bow":3,"minecraft:cobblestone":74,"minecraft:bucket":1,"minecraft:oak_boat":2,"minecraft:potato":22,"minecraft:bone_meal":15},"minecraft:picked_up":{"minecraft:crafting_table":1,"minecraft:wheat":3,"minecraft:diamond_sword":1,"minecraft:potato":18,"minecraft:oak_log":1,"minecraft:dirt":25,"minecraft:string":4,"minecraft:iron_axe":1,"minecraft:bone":5,"minecraft:bow":1,"minecraft:wheat_seeds":14,"minecraft:gold_nugget":3,"minecraft:bucket":1,"minecraft:iron_ingot":19,"minecraft:cooked_chicken":14,"minecraft:oak_boat":2,"minecraft:poppy":3,"minecraft:iron_pickaxe":1,"minecraft:oak_planks":22,"minecraft:iron_sword":1,"minecraft:tipped_arrow":49,"minecraft:stick":35,"minecraft:dandelion":3,"minecraft:porkchop":5,"minecraft:stripped_spruce_log":1,"minecraft:spruce_sapling":49,"minecraft:carrot":20,"minecraft:spruce_log":177,"minecraft:white_bed":1,"minecraft:spider_eye":1,"minecraft:diamond_shovel":1,"minecraft:rotten_flesh":15,"minecraft:diamond":12,"minecraft:hay_block":15,"minecraft:diamond_axe":1,"minecraft:emerald":4,"minecraft:cobblestone":10,"minecraft:diamond_pickaxe":1},"minecraft:killed":{"minecraft:pig":3,"minecraft:zombified_piglin":4,"minecraft:spider":3,"minecraft:skeleton":2,"minecraft:zombie":9},"minecraft:dropped":{"minecraft:iron_sword":1,"minecraft:stripped_spruce_log":1,"minecraft:wheat_seeds":2,"minecraft:rotten_flesh":5,"minecraft:spider_eye":1,"minecraft:bow":1},"minecraft:crafted":{"minecraft:oak_planks":8,"minecraft:arrow":48,"minecraft:emerald":46,"minecraft:crafting_table":1,"minecraft:spruce_planks":708,"minecraft:iron_helmet":2,"minecraft:iron_sword":2,"minecraft:bone_meal":15,"minecraft:air":0,"minecraft:bow":2,"minecraft:iron_boots":1,"minecraft:iron_chestplate":1,"minecraft:shield":1,"minecraft:iron_axe":1,"minecraft:stick":1456,"minecraft:leather_chestplate":1,"minecraft:iron_pickaxe":1,"minecraft:iron_leggings":1},"minecraft:mined":{"minecraft:podzol":5,"minecraft:white_bed":1,"minecraft:crafting_table":1,"minecraft:grass_block":4,"minecraft:tall_grass":11,"minecraft:cobblestone":11,"minecraft:spruce_leaves":43,"minecraft:oak_planks":1,"minecraft:sugar_cane":1,"minecraft:hay_block":14,"minecraft:spruce_sapling":3,"minecraft:carrots":15,"minecraft:wheat":5,"minecraft:spruce_log":178,"minecraft:stripped_spruce_log":1,"minecraft:azure_bluet":1,"minecraft:grass_path":3,"minecraft:grass":40,"minecraft:potatoes":7,"minecraft:oak_log":1,"minecraft:dirt":2,"minecraft:sand":1,"minecraft:oak_leaves":1,"minecraft:fern":1}},"DataVersion":2578}