{"stats":{"minecraft:used":{"minecraft:shield":34,"minecraft:iron_sword":309,"minecraft:cooked_chicken":15,"minecraft:dirt":72,"minecraft:carrot":29,"minecraft:lava_bucket":34,"minecraft:bookshelf":1,"minecraft:iron_axe":228,"minecraft:bow":4,"minecraft:potato":22,"minecraft:wheat_seeds":10,"minecraft:water_bucket":5,"minecraft:diorite":6,"minecraft:diamond_axe":10,"minecraft:crafting_table":3,"minecraft:white_bed":1,"minecraft:bread":10,"minecraft:iron_pickaxe":87,"minecraft:spruce_sapling":16,"minecraft:cobblestone":109,"minecraft:porkchop":3,"minecraft:andesite":19,"minecraft:bucket":40,"minecraft:oak_boat":2,"minecraft:bone_meal":15},"minecraft:custom":{"minecraft:mob_kills":34,"minecraft:interact_with_crafting_table":11,"minecraft:leave_game":4,"minecraft:time_since_death":65837,"minecraft:damage_resisted":7,"minecraft:sprint_one_cm":116270,"minecraft:walk_one_cm":140517,"minecraft:damage_blocked_by_shield":1004,"minecraft:drop":62,"minecraft:talked_to_villager":76,"minecraft:sneak_time":6364,"minecraft:walk_under_water_one_cm":2317,"minecraft:boat_one_cm":6063,"minecraft:jump":3828,"minecraft:walk_on_water_one_cm":5902,"minecraft:interact_with_furnace":1,"minecraft:traded_with_villager":53,"minecraft:play_one_minute":65837,"minecraft:sleep_in_bed":1,"minecraft:time_since_rest":25343,"minecraft:damage_taken":2011,"minecraft:damage_dealt":8919,"minecraft:swim_one_cm":20446,"minecraft:fly_one_cm":117775,"minecraft:player_kills":3,"minecraft:open_chest":15,"minecraft:crouch_one_cm":14733,"minecraft:fall_one_cm":17432},"minecraft:picked_up":{"minecraft:fishing_rod":1,"minecraft:iron_chestplate":1,"minecraft:crafting_table":2,"minecraft:wheat":4,"minecraft:azure_bluet":1,"minecraft:diamond_sword":2,"minecraft:string":13,"minecraft:iron_axe":2,"minecraft:smooth_stone_slab":2,"minecraft:iron_leggings":1,"minecraft:diamond_leggings":1,"minecraft:gold_nugget":3,"minecraft:bucket":1,"minecraft:spruce_planks":20,"minecraft:oak_boat":2,"minecraft:poppy":3,"minecraft:iron_pickaxe":3,"minecraft:iron_boots":2,"minecraft:tipped_arrow":49,"minecraft:stick":35,"minecraft:porkchop":10,"minecraft:diorite":12,"minecraft:carrot":20,"minecraft:diamond_chestplate":2,"minecraft:rotten_flesh":47,"minecraft:diamond_boots":1,"minecraft:hay_block":15,"minecraft:bookshelf":64,"minecraft:obsidian":7,"minecraft:cobblestone":45,"minecraft:leather_chestplate":1,"minecraft:andesite":23,"minecraft:potato":25,"minecraft:oak_log":1,"minecraft:lapis_lazuli":128,"minecraft:dirt":82,"minecraft:bone":7,"minecraft:apple":7,"minecraft:bow":2,"minecraft:wheat_seeds":22,"minecraft:iron_ingot":65,"minecraft:cooked_chicken":93,"minecraft:diamond_helmet":1,"minecraft:oak_planks":22,"minecraft:iron_sword":1,"minecraft:book":3,"minecraft:dandelion":3,"minecraft:sand":1,"minecraft:stripped_spruce_log":1,"minecraft:spruce_sapling":115,"minecraft:white_bed":1,"minecraft:spruce_log":177,"minecraft:spider_eye":3,"minecraft:diamond_shovel":3,"minecraft:diamond":12,"minecraft:diamond_axe":3,"minecraft:emerald":4,"minecraft:bread":4,"minecraft:diamond_pickaxe":2},"minecraft:killed":{"minecraft:zombified_piglin":4,"minecraft:spider":6,"minecraft:skeleton":3,"minecraft:pig":3,"minecraft:iron_golem":2,"minecraft:zombie":16},"minecraft:dropped":{"minecraft:iron_sword":1,"minecraft:stripped_spruce_log":1,"minecraft:wheat_seeds":12,"minecraft:diamond_axe":1,"minecraft:iron_helmet":1,"minecraft:book":3,"minecraft:diorite":6,"minecraft:iron_leggings":2,"minecraft:gold_nugget":3,"minecraft:iron_axe":2,"minecraft:sand":1,"minecraft:iron_pickaxe":2,"minecraft:string":12,"minecraft:spruce_sapling":99,"minecraft:dandelion":3,"minecraft:bone":4,"minecraft:smooth_stone_slab":2,"minecraft:rotten_flesh":47,"minecraft:iron_boots":2,"minecraft:diamond_shovel":2,"minecraft:azure_bluet":1,"minecraft:white_bed":1,"minecraft:leather_chestplate":2,"minecraft:diamond_chestplate":1,"minecraft:spruce_planks":20,"minecraft:iron_chestplate":1,"minecraft:andesite":2,"minecraft:spider_eye":3,"minecraft:bow":3},"minecraft:mined":{"minecraft:white_bed":1,"minecraft:grass_block":6,"minecraft:spruce_leaves":43,"minecraft:hay_block":14,"minecraft:spruce_sapling":3,"minecraft:carrots":15,"minecraft:andesite":21,"minecraft:stripped_spruce_log":1,"minecraft:azure_bluet":1,"minecraft:potatoes":7,"minecraft:stone":35,"minecraft:podzol":5,"minecraft:crafting_table":2,"minecraft:chest":3,"minecraft:tall_grass":21,"minecraft:cobblestone":12,"minecraft:sugar_cane":1,"minecraft:oak_planks":1,"minecraft:diorite":6,"minecraft:wheat":5,"minecraft:spruce_log":178,"minecraft:grass_path":5,"minecraft:smooth_stone_slab":1,"minecraft:grass":78,"minecraft:oak_log":1,"minecraft:sand":1,"minecraft:dirt":8,"minecraft:oak_leaves":1,"minecraft:fern":1},"minecraft:crafted":{"minecraft:oak_planks":8,"minecraft:bone_meal":15,"minecraft:iron_boots":1,"minecraft:bow":2,"minecraft:iron_axe":1,"minecraft:wheat":134,"minecraft:arrow":48,"minecraft:emerald":46,"minecraft:crafting_table":1,"minecraft:spruce_planks":708,"minecraft:iron_helmet":2,"minecraft:iron_sword":2,"minecraft:bread":46,"minecraft:air":0,"minecraft:iron_chestplate":1,"minecraft:shield":1,"minecraft:stick":1456,"minecraft:iron_pickaxe":1,"minecraft:leather_chestplate":1,"minecraft:iron_leggings":1}},"DataVersion":2578}