{"stats":{"minecraft:custom":{"minecraft:interact_with_furnace":1,"minecraft:mob_kills":26,"minecraft:traded_with_villager":53,"minecraft:interact_with_crafting_table":3,"minecraft:play_one_minute":58414,"minecraft:leave_game":3,"minecraft:time_since_death":58414,"minecraft:sleep_in_bed":1,"minecraft:damage_resisted":7,"minecraft:time_since_rest":17920,"minecraft:sprint_one_cm":103742,"minecraft:damage_taken":1767,"minecraft:walk_one_cm":119663,"minecraft:damage_blocked_by_shield":909,"minecraft:drop":53,"minecraft:damage_dealt":6953,"minecraft:player_kills":2,"minecraft:swim_one_cm":20446,"minecraft:fly_one_cm":99898,"minecraft:talked_to_villager":76,"minecraft:open_chest":15,"minecraft:crouch_one_cm":13140,"minecraft:sneak_time":5870,"minecraft:walk_under_water_one_cm":2317,"minecraft:boat_one_cm":6063,"minecraft:jump":3725,"minecraft:walk_on_water_one_cm":5554,"minecraft:fall_one_cm":15282},"minecraft:used":{"minecraft:wheat_seeds":10,"minecraft:water_bucket":4,"minecraft:diorite":6,"minecraft:shield":31,"minecraft:iron_sword":255,"minecraft:diamond_axe":7,"minecraft:cooked_chicken":14,"minecraft:dirt":33,"minecraft:crafting_table":2,"minecraft:carrot":29,"minecraft:white_bed":1,"minecraft:lava_bucket":6,"minecraft:iron_axe":228,"minecraft:bread":7,"minecraft:iron_pickaxe":87,"minecraft:spruce_sapling":16,"minecraft:bow":3,"minecraft:cobblestone":109,"minecraft:porkchop":3,"minecraft:andesite":19,"minecraft:bucket":11,"minecraft:oak_boat":2,"minecraft:potato":22,"minecraft:bone_meal":15},"minecraft:picked_up":{"minecraft:azure_bluet":1,"minecraft:leather_chestplate":1,"minecraft:crafting_table":2,"minecraft:wheat":4,"minecraft:andesite":21,"minecraft:diamond_sword":2,"minecraft:potato":25,"minecraft:oak_log":1,"minecraft:dirt":82,"minecraft:string":12,"minecraft:iron_axe":2,"minecraft:smooth_stone_slab":2,"minecraft:iron_leggings":1,"minecraft:bone":7,"minecraft:apple":7,"minecraft:bow":1,"minecraft:diamond_leggings":1,"minecraft:wheat_seeds":22,"minecraft:gold_nugget":3,"minecraft:bucket":1,"minecraft:spruce_planks":20,"minecraft:iron_ingot":65,"minecraft:cooked_chicken":75,"minecraft:oak_boat":2,"minecraft:diamond_helmet":1,"minecraft:poppy":3,"minecraft:iron_pickaxe":1,"minecraft:oak_planks":22,"minecraft:iron_sword":1,"minecraft:iron_boots":1,"minecraft:book":3,"minecraft:tipped_arrow":49,"minecraft:stick":35,"minecraft:sand":1,"minecraft:dandelion":3,"minecraft:porkchop":10,"minecraft:diorite":12,"minecraft:stripped_spruce_log":1,"minecraft:spruce_sapling":115,"minecraft:carrot":20,"minecraft:spruce_log":177,"minecraft:white_bed":1,"minecraft:spider_eye":3,"minecraft:diamond_shovel":2,"minecraft:diamond_chestplate":2,"minecraft:rotten_flesh":47,"minecraft:diamond":12,"minecraft:diamond_boots":1,"minecraft:hay_block":15,"minecraft:diamond_axe":2,"minecraft:bookshelf":64,"minecraft:bread":4,"minecraft:emerald":4,"minecraft:obsidian":7,"minecraft:cobblestone":45,"minecraft:diamond_pickaxe":2},"minecraft:killed":{"minecraft:pig":3,"minecraft:zombified_piglin":4,"minecraft:spider":5,"minecraft:iron_golem":2,"minecraft:skeleton":2,"minecraft:zombie":10},"minecraft:dropped":{"minecraft:iron_sword":1,"minecraft:stripped_spruce_log":1,"minecraft:wheat_seeds":2,"minecraft:diamond_axe":1,"minecraft:smooth_stone_slab":2,"minecraft:book":3,"minecraft:iron_helmet":1,"minecraft:rotten_flesh":35,"minecraft:iron_boots":2,"minecraft:diamond_shovel":1,"minecraft:azure_bluet":1,"minecraft:white_bed":1,"minecraft:leather_chestplate":2,"minecraft:diamond_chestplate":1,"minecraft:diorite":6,"minecraft:spruce_planks":20,"minecraft:iron_chestplate":1,"minecraft:iron_leggings":2,"minecraft:gold_nugget":3,"minecraft:spider_eye":3,"minecraft:iron_axe":2,"minecraft:bow":1,"minecraft:string":12,"minecraft:dandelion":3,"minecraft:spruce_sapling":99,"minecraft:bone":4},"minecraft:crafted":{"minecraft:oak_planks":8,"minecraft:arrow":48,"minecraft:emerald":46,"minecraft:crafting_table":1,"minecraft:spruce_planks":708,"minecraft:iron_helmet":2,"minecraft:iron_sword":2,"minecraft:bone_meal":15,"minecraft:bread":46,"minecraft:air":0,"minecraft:bow":2,"minecraft:iron_boots":1,"minecraft:iron_chestplate":1,"minecraft:shield":1,"minecraft:iron_axe":1,"minecraft:stick":1456,"minecraft:leather_chestplate":1,"minecraft:iron_pickaxe":1,"minecraft:iron_leggings":1,"minecraft:wheat":134},"minecraft:mined":{"minecraft:podzol":5,"minecraft:white_bed":1,"minecraft:crafting_table":2,"minecraft:grass_block":6,"minecraft:tall_grass":19,"minecraft:cobblestone":12,"minecraft:spruce_leaves":43,"minecraft:sugar_cane":1,"minecraft:oak_planks":1,"minecraft:diorite":6,"minecraft:hay_block":14,"minecraft:spruce_sapling":3,"minecraft:carrots":15,"minecraft:wheat":5,"minecraft:spruce_log":178,"minecraft:andesite":21,"minecraft:stripped_spruce_log":1,"minecraft:grass_path":5,"minecraft:azure_bluet":1,"minecraft:smooth_stone_slab":1,"minecraft:grass":66,"minecraft:potatoes":7,"minecraft:oak_log":1,"minecraft:dirt":8,"minecraft:sand":1,"minecraft:stone":35,"minecraft:oak_leaves":1,"minecraft:fern":1}},"DataVersion":2578}