{"stats":{"minecraft:used":{"minecraft:flint_and_steel":21,"minecraft:shield":79,"minecraft:iron_sword":465,"minecraft:netherrack":53,"minecraft:cooked_chicken":36,"minecraft:dirt":182,"minecraft:carrot":30,"minecraft:honey_block":1,"minecraft:lava_bucket":45,"minecraft:bookshelf":63,"minecraft:grass_block":69,"minecraft:iron_axe":236,"minecraft:basalt":6,"minecraft:bow":31,"minecraft:potato":22,"minecraft:wheat_seeds":39,"minecraft:cooked_mutton":12,"minecraft:water_bucket":18,"minecraft:diorite":6,"minecraft:oak_planks":19,"minecraft:sugar_cane":11,"minecraft:diamond_axe":269,"minecraft:crafting_table":8,"minecraft:blast_furnace":3,"minecraft:white_bed":1,"minecraft:diamond_pickaxe":94,"minecraft:apple":1,"minecraft:bread":21,"minecraft:iron_pickaxe":449,"minecraft:lectern":4,"minecraft:spruce_sapling":16,"minecraft:diamond_sword":51,"minecraft:fishing_rod":2,"minecraft:cobblestone":131,"minecraft:grindstone":1,"minecraft:porkchop":3,"minecraft:bucket":64,"minecraft:andesite":21,"minecraft:oak_boat":2,"minecraft:bone_meal":27},"minecraft:custom":{"minecraft:mob_kills":88,"minecraft:interact_with_crafting_table":21,"minecraft:bell_ring":50,"minecraft:leave_game":5,"minecraft:time_since_death":26986,"minecraft:damage_resisted":7,"minecraft:sprint_one_cm":462618,"minecraft:walk_one_cm":419482,"minecraft:damage_blocked_by_shield":2639,"minecraft:drop":142,"minecraft:talked_to_villager":265,"minecraft:deaths":5,"minecraft:sneak_time":13764,"minecraft:walk_under_water_one_cm":4128,"minecraft:boat_one_cm":6063,"minecraft:jump":5831,"minecraft:interact_with_blast_furnace":1,"minecraft:walk_on_water_one_cm":12938,"minecraft:interact_with_furnace":1,"minecraft:traded_with_villager":102,"minecraft:play_one_minute":180748,"minecraft:interact_with_grindstone":3,"minecraft:sleep_in_bed":1,"minecraft:time_since_rest":27062,"minecraft:damage_taken":5893,"minecraft:damage_dealt":17988,"minecraft:swim_one_cm":22045,"minecraft:fly_one_cm":491810,"minecraft:player_kills":3,"minecraft:open_chest":72,"minecraft:crouch_one_cm":38532,"minecraft:fall_one_cm":68858},"minecraft:picked_up":{"minecraft:fishing_rod":2,"minecraft:crafting_table":7,"minecraft:iron_chestplate":2,"minecraft:wheat":67,"minecraft:azure_bluet":1,"minecraft:nether_wart":13,"minecraft:diamond_sword":4,"minecraft:shield":2,"minecraft:string":13,"minecraft:iron_axe":9,"minecraft:flint_and_steel":1,"minecraft:smooth_stone_slab":2,"minecraft:iron_leggings":4,"minecraft:diamond_leggings":2,"minecraft:gold_nugget":27,"minecraft:bucket":1,"minecraft:spruce_planks":100,"minecraft:oak_boat":2,"minecraft:poppy":4,"minecraft:iron_pickaxe":4,"minecraft:lectern":4,"minecraft:sugar_cane":259,"minecraft:iron_boots":6,"minecraft:tipped_arrow":147,"minecraft:stick":54,"minecraft:porkchop":10,"minecraft:diorite":12,"minecraft:carrot":22,"minecraft:stone_sword":2,"minecraft:arrow":97,"minecraft:diamond_chestplate":4,"minecraft:rotten_flesh":66,"minecraft:nether_bricks":6,"minecraft:diamond_boots":1,"minecraft:hay_block":15,"minecraft:bookshelf":64,"minecraft:blaze_rod":6,"minecraft:obsidian":9,"minecraft:bone_block":60,"minecraft:cobblestone":153,"minecraft:leather_chestplate":1,"minecraft:basalt":22,"minecraft:water_bucket":2,"minecraft:andesite":25,"minecraft:potato":29,"minecraft:flint":1,"minecraft:oak_log":1,"minecraft:golden_boots":3,"minecraft:gunpowder":1,"minecraft:lapis_lazuli":192,"minecraft:dirt":169,"minecraft:cooked_mutton":38,"minecraft:bone":38,"minecraft:apple":7,"minecraft:bow":3,"minecraft:wheat_seeds":128,"minecraft:grindstone":1,"minecraft:iron_ingot":111,"minecraft:cooked_chicken":131,"minecraft:diamond_helmet":3,"minecraft:glowstone_dust":33,"minecraft:iron_sword":8,"minecraft:oak_planks":71,"minecraft:book":105,"minecraft:ghast_tear":3,"minecraft:quartz":92,"minecraft:dandelion":3,"minecraft:lava_bucket":4,"minecraft:sand":1,"minecraft:stripped_spruce_log":9,"minecraft:spruce_sapling":121,"minecraft:blast_furnace":3,"minecraft:white_bed":2,"minecraft:spruce_log":435,"minecraft:spider_eye":4,"minecraft:polished_andesite":8,"minecraft:diamond_shovel":3,"minecraft:diamond":24,"minecraft:honey_block":1,"minecraft:granite":1,"minecraft:iron_helmet":2,"minecraft:diamond_axe":5,"minecraft:bone_meal":54,"minecraft:warped_roots":2,"minecraft:emerald":18,"minecraft:bread":64,"minecraft:netherrack":331,"minecraft:coal":2,"minecraft:diamond_pickaxe":4},"minecraft:killed":{"minecraft:zombified_piglin":4,"minecraft:spider":7,"minecraft:skeleton":11,"minecraft:magma_cube":7,"minecraft:pig":3,"minecraft:zombie_villager":1,"minecraft:iron_golem":2,"minecraft:zombie":32,"minecraft:ghast":2,"minecraft:wither_skeleton":7,"minecraft:blaze":12},"minecraft:dropped":{"minecraft:golden_boots":1,"minecraft:iron_ingot":1,"minecraft:iron_sword":6,"minecraft:stripped_spruce_log":1,"minecraft:porkchop":2,"minecraft:wheat_seeds":87,"minecraft:diamond_axe":1,"minecraft:crafting_table":1,"minecraft:cobblestone":54,"minecraft:iron_helmet":3,"minecraft:book":57,"minecraft:warped_roots":2,"minecraft:coal":1,"minecraft:stick":18,"minecraft:dirt":21,"minecraft:diorite":6,"minecraft:diamond_helmet":1,"minecraft:iron_leggings":4,"minecraft:gold_nugget":3,"minecraft:iron_axe":17,"minecraft:sand":1,"minecraft:iron_pickaxe":5,"minecraft:string":13,"minecraft:spruce_sapling":105,"minecraft:dandelion":3,"minecraft:bone":10,"minecraft:sugar_cane":65,"minecraft:stone_sword":2,"minecraft:smooth_stone_slab":2,"minecraft:wheat":29,"minecraft:rotten_flesh":51,"minecraft:iron_boots":6,"minecraft:diamond_shovel":2,"minecraft:azure_bluet":1,"minecraft:white_bed":1,"minecraft:diamond_sword":2,"minecraft:poppy":3,"minecraft:leather_chestplate":2,"minecraft:gunpowder":1,"minecraft:diamond_chestplate":2,"minecraft:spruce_planks":20,"minecraft:iron_chestplate":2,"minecraft:andesite":4,"minecraft:spider_eye":4,"minecraft:arrow":1,"minecraft:bow":3,"minecraft:ghast_tear":1,"minecraft:quartz":8,"minecraft:netherrack":129},"minecraft:crafted":{"minecraft:oak_planks":8,"minecraft:bone_meal":81,"minecraft:quartz_block":19,"minecraft:iron_boots":1,"minecraft:bow":2,"minecraft:iron_axe":10,"minecraft:wheat":134,"minecraft:arrow":48,"minecraft:emerald":85,"minecraft:crafting_table":4,"minecraft:spruce_planks":1260,"minecraft:iron_helmet":2,"minecraft:iron_sword":3,"minecraft:bread":46,"minecraft:air":0,"minecraft:iron_chestplate":1,"minecraft:paper":54,"minecraft:shield":3,"minecraft:stick":2316,"minecraft:iron_pickaxe":1,"minecraft:leather_chestplate":1,"minecraft:gold_ingot":2,"minecraft:iron_leggings":1},"minecraft:mined":{"minecraft:nether_gold_ore":6,"minecraft:white_bed":2,"minecraft:obsidian":2,"minecraft:granite":1,"minecraft:nether_bricks":6,"minecraft:grass_block":6,"minecraft:spruce_leaves":75,"minecraft:nether_wart":10,"minecraft:large_fern":1,"minecraft:hay_block":14,"minecraft:magma_block":1,"minecraft:glowstone":12,"minecraft:spruce_sapling":3,"minecraft:carrots":15,"minecraft:fire":35,"minecraft:andesite":23,"minecraft:stripped_spruce_log":9,"minecraft:azure_bluet":1,"minecraft:nether_brick_fence":2,"minecraft:bookshelf":14,"minecraft:potatoes":8,"minecraft:stone":89,"minecraft:bone_block":34,"minecraft:podzol":9,"minecraft:blackstone":5,"minecraft:soul_fire":2,"minecraft:basalt":34,"minecraft:crafting_table":5,"minecraft:honey_block":1,"minecraft:blast_furnace":3,"minecraft:warped_roots":2,"minecraft:chest":3,"minecraft:lectern":4,"minecraft:nether_quartz_ore":65,"minecraft:tall_grass":34,"minecraft:cobblestone":12,"minecraft:grindstone":1,"minecraft:sugar_cane":128,"minecraft:oak_planks":1,"minecraft:diorite":6,"minecraft:wheat":37,"minecraft:spruce_log":374,"minecraft:grass_path":5,"minecraft:smooth_stone_slab":1,"minecraft:grass":166,"minecraft:oak_log":1,"minecraft:sand":1,"minecraft:dirt":20,"minecraft:polished_andesite":8,"minecraft:netherrack":221,"minecraft:oak_leaves":1,"minecraft:fern":1},"minecraft:killed_by":{"minecraft:player":2,"minecraft:wither_skeleton":1}},"DataVersion":2578}