{"stats":{"minecraft:custom":{"minecraft:jump":35,"minecraft:open_chest":1,"minecraft:time_since_rest":1510,"minecraft:damage_dealt":2,"minecraft:crouch_one_cm":287,"minecraft:play_one_minute":1510,"minecraft:sprint_one_cm":3294,"minecraft:damage_taken":149,"minecraft:time_since_death":1510,"minecraft:walk_one_cm":1362,"minecraft:sneak_time":185,"minecraft:fall_one_cm":1495,"minecraft:fly_one_cm":2896},"minecraft:picked_up":{"minecraft:spruce_log":1,"minecraft:wheat_seeds":1,"minecraft:dirt":2},"minecraft:crafted":{"minecraft:spruce_planks":4},"minecraft:mined":{"minecraft:grass":2,"minecraft:potatoes":1,"minecraft:spruce_log":1,"minecraft:grass_block":2,"minecraft:carrots":1}},"DataVersion":2578}