{"stats":{"minecraft:used":{"minecraft:dirt":33,"minecraft:beef":1,"minecraft:coarse_dirt":4},"minecraft:custom":{"minecraft:time_since_rest":5275,"minecraft:play_one_minute":29205,"minecraft:walk_one_cm":83699,"minecraft:sprint_one_cm":85742,"minecraft:damage_taken":790,"minecraft:deaths":3,"minecraft:walk_under_water_one_cm":8408,"minecraft:mob_kills":1,"minecraft:jump":880,"minecraft:damage_dealt":219,"minecraft:leave_game":1,"minecraft:time_since_death":5244,"minecraft:walk_on_water_one_cm":16176,"minecraft:climb_one_cm":230,"minecraft:swim_one_cm":9046,"minecraft:fall_one_cm":21363,"minecraft:fly_one_cm":79270},"minecraft:picked_up":{"minecraft:coarse_dirt":4,"minecraft:leather":2,"minecraft:dandelion":1,"minecraft:beef":1,"minecraft:spruce_sapling":1,"minecraft:bread":5,"minecraft:poppy":1,"minecraft:dirt":33},"minecraft:killed":{"minecraft:cow":1},"minecraft:mined":{"minecraft:large_fern":3,"minecraft:podzol":10,"minecraft:grass":1,"minecraft:grass_block":11,"minecraft:poppy":1,"minecraft:coarse_dirt":4,"minecraft:dirt":12,"minecraft:sweet_berry_bush":1,"minecraft:spruce_leaves":17,"minecraft:dandelion":1,"minecraft:fern":3},"minecraft:killed_by":{"minecraft:skeleton":1,"minecraft:zombie":1}},"DataVersion":2578}