{"stats":{"minecraft:used":{"minecraft:dirt":33,"minecraft:beef":1,"minecraft:coarse_dirt":4},"minecraft:custom":{"minecraft:time_since_rest":11209,"minecraft:play_one_minute":22650,"minecraft:walk_one_cm":60097,"minecraft:sprint_one_cm":76729,"minecraft:damage_taken":690,"minecraft:deaths":2,"minecraft:walk_under_water_one_cm":3026,"minecraft:mob_kills":1,"minecraft:jump":740,"minecraft:damage_dealt":135,"minecraft:time_since_death":11181,"minecraft:walk_on_water_one_cm":7110,"minecraft:climb_one_cm":230,"minecraft:swim_one_cm":7473,"minecraft:fall_one_cm":19983,"minecraft:fly_one_cm":70736},"minecraft:picked_up":{"minecraft:coarse_dirt":4,"minecraft:leather":2,"minecraft:beef":1,"minecraft:spruce_sapling":1,"minecraft:poppy":1,"minecraft:dirt":33},"minecraft:killed":{"minecraft:cow":1},"minecraft:mined":{"minecraft:large_fern":3,"minecraft:podzol":10,"minecraft:grass":1,"minecraft:grass_block":11,"minecraft:poppy":1,"minecraft:coarse_dirt":4,"minecraft:dirt":12,"minecraft:sweet_berry_bush":1,"minecraft:spruce_leaves":17},"minecraft:killed_by":{"minecraft:skeleton":1,"minecraft:zombie":1}},"DataVersion":2578}