{"stats":{"minecraft:custom":{"minecraft:jump":176,"minecraft:time_since_rest":11851,"minecraft:damage_dealt":114,"minecraft:play_one_minute":11851,"minecraft:damage_taken":118,"minecraft:leave_game":2,"minecraft:time_since_death":11851,"minecraft:walk_on_water_one_cm":2571,"minecraft:walk_one_cm":37997,"minecraft:walk_under_water_one_cm":1708,"minecraft:mob_kills":1,"minecraft:fly_one_cm":351,"minecraft:fall_one_cm":1701},"minecraft:picked_up":{"minecraft:poppy":9,"minecraft:wheat_seeds":1},"minecraft:mined":{"minecraft:grass":2,"minecraft:poppy":10,"minecraft:fern":2}},"DataVersion":2578}