{"stats":{"minecraft:custom":{"minecraft:time_since_rest":10908,"minecraft:sprint_one_cm":6972,"minecraft:damage_taken":90,"minecraft:walk_one_cm":9396,"minecraft:interact_with_crafting_table":3,"minecraft:swim_one_cm":2144,"minecraft:fly_one_cm":15917,"minecraft:crouch_one_cm":7594,"minecraft:play_one_minute":10908,"minecraft:sneak_time":2769,"minecraft:walk_under_water_one_cm":934,"minecraft:jump":88,"minecraft:time_since_death":10908,"minecraft:walk_on_water_one_cm":1386,"minecraft:fall_one_cm":2090},"minecraft:mined":{"minecraft:large_fern":1,"minecraft:podzol":1,"minecraft:coarse_dirt":1,"minecraft:sweet_berry_bush":6,"minecraft:spruce_log":10,"minecraft:crafting_table":1,"minecraft:grass":1,"minecraft:coal_ore":17,"minecraft:dirt":14,"minecraft:spruce_leaves":3,"minecraft:stone":59},"minecraft:used":{"minecraft:stone_pickaxe":19,"minecraft:wooden_pickaxe":59,"minecraft:stone_axe":1,"minecraft:dirt":7,"minecraft:crafting_table":1,"minecraft:spruce_log":3},"minecraft:broken":{"minecraft:wooden_pickaxe":1},"minecraft:crafted":{"minecraft:crafting_table":1,"minecraft:spruce_planks":28,"minecraft:stick":8,"minecraft:wooden_pickaxe":1,"minecraft:stone_pickaxe":1,"minecraft:stone_sword":1,"minecraft:furnace":1,"minecraft:torch":4,"minecraft:stone_axe":1},"minecraft:picked_up":{"minecraft:coarse_dirt":1,"minecraft:crafting_table":1,"minecraft:sweet_berries":16,"minecraft:spruce_sapling":1,"minecraft:spruce_log":10,"minecraft:dirt":15,"minecraft:wheat_seeds":1,"minecraft:coal":17,"minecraft:cobblestone":59}},"DataVersion":2578}