{"stats":{"minecraft:custom":{"minecraft:mob_kills":5,"minecraft:interact_with_crafting_table":10,"minecraft:play_one_minute":48930,"minecraft:leave_game":1,"minecraft:time_since_death":35027,"minecraft:sleep_in_bed":2,"minecraft:time_since_rest":19594,"minecraft:sprint_one_cm":94212,"minecraft:damage_taken":874,"minecraft:walk_one_cm":46242,"minecraft:damage_blocked_by_shield":335,"minecraft:drop":1,"minecraft:damage_dealt":1402,"minecraft:swim_one_cm":6839,"minecraft:talked_to_villager":9,"minecraft:fly_one_cm":156462,"minecraft:open_chest":26,"minecraft:crouch_one_cm":22745,"minecraft:deaths":1,"minecraft:sneak_time":9040,"minecraft:walk_under_water_one_cm":1230,"minecraft:jump":802,"minecraft:walk_on_water_one_cm":2870,"minecraft:fall_one_cm":26096},"minecraft:used":{"minecraft:stone_sword":7,"minecraft:stone_pickaxe":22,"minecraft:wooden_pickaxe":117,"minecraft:shield":19,"minecraft:iron_sword":5,"minecraft:diamond_axe":18,"minecraft:cooked_chicken":8,"minecraft:dirt":23,"minecraft:crafting_table":4,"minecraft:white_bed":2,"minecraft:spruce_log":4,"minecraft:diamond_pickaxe":126,"minecraft:chicken":1,"minecraft:stone_axe":3,"minecraft:sweet_berries":14,"minecraft:smooth_stone":3},"minecraft:picked_up":{"minecraft:crafting_table":3,"minecraft:coarse_dirt":1,"minecraft:wheat":1,"minecraft:chicken":1,"minecraft:string":2,"minecraft:dirt":28,"minecraft:bone":2,"minecraft:wheat_seeds":10,"minecraft:smooth_stone":3,"minecraft:cooked_chicken":33,"minecraft:iron_ore":10,"minecraft:book":3,"minecraft:sweet_berries":30,"minecraft:spruce_sapling":1,"minecraft:white_bed":2,"minecraft:spruce_log":18,"minecraft:arrow":2,"minecraft:rotten_flesh":2,"minecraft:diamond_axe":1,"minecraft:netherrack":88,"minecraft:obsidian":7,"minecraft:coal":17,"minecraft:cobblestone":120,"minecraft:diamond_pickaxe":1},"minecraft:broken":{"minecraft:wooden_pickaxe":1},"minecraft:killed":{"minecraft:spider":1,"minecraft:zombie":3,"minecraft:chicken":1},"minecraft:dropped":{"minecraft:wheat_seeds":1},"minecraft:crafted":{"minecraft:crafting_table":3,"minecraft:spruce_planks":56,"minecraft:wooden_pickaxe":2,"minecraft:iron_helmet":1,"minecraft:iron_sword":1,"minecraft:furnace":2,"minecraft:stone_axe":2,"minecraft:iron_chestplate":1,"minecraft:shield":1,"minecraft:stick":20,"minecraft:iron_pickaxe":1,"minecraft:stone_pickaxe":2,"minecraft:stone_sword":2,"minecraft:iron_leggings":1,"minecraft:torch":4},"minecraft:mined":{"minecraft:podzol":1,"minecraft:white_bed":2,"minecraft:crafting_table":3,"minecraft:obsidian":7,"minecraft:grass_block":2,"minecraft:tall_grass":4,"minecraft:cobblestone":2,"minecraft:spruce_leaves":7,"minecraft:large_fern":4,"minecraft:smooth_stone":3,"minecraft:coarse_dirt":1,"minecraft:iron_ore":10,"minecraft:wheat":1,"minecraft:sweet_berry_bush":15,"minecraft:spruce_log":18,"minecraft:grass":24,"minecraft:bookshelf":1,"minecraft:coal_ore":17,"minecraft:dirt":25,"minecraft:stone":118,"minecraft:netherrack":89,"minecraft:fern":1}},"DataVersion":2578}