{"stats":{"minecraft:used":{"minecraft:stone_sword":7,"minecraft:stone_pickaxe":22,"minecraft:wooden_pickaxe":117,"minecraft:diamond_axe":2,"minecraft:stone_axe":3,"minecraft:dirt":23,"minecraft:sweet_berries":3,"minecraft:crafting_table":4,"minecraft:white_bed":2,"minecraft:smooth_stone":3,"minecraft:spruce_log":4},"minecraft:custom":{"minecraft:time_since_rest":7594,"minecraft:sprint_one_cm":57589,"minecraft:damage_taken":542,"minecraft:walk_one_cm":30158,"minecraft:mob_kills":1,"minecraft:damage_dealt":65,"minecraft:talked_to_villager":7,"minecraft:swim_one_cm":6839,"minecraft:interact_with_crafting_table":9,"minecraft:fly_one_cm":102222,"minecraft:open_chest":18,"minecraft:crouch_one_cm":16354,"minecraft:play_one_minute":36930,"minecraft:deaths":1,"minecraft:sneak_time":5945,"minecraft:walk_under_water_one_cm":1230,"minecraft:jump":505,"minecraft:leave_game":1,"minecraft:walk_on_water_one_cm":2622,"minecraft:time_since_death":23027,"minecraft:sleep_in_bed":2,"minecraft:fall_one_cm":15953},"minecraft:picked_up":{"minecraft:coarse_dirt":1,"minecraft:crafting_table":2,"minecraft:chicken":1,"minecraft:sweet_berries":30,"minecraft:spruce_sapling":1,"minecraft:white_bed":2,"minecraft:spruce_log":18,"minecraft:dirt":28,"minecraft:wheat_seeds":1,"minecraft:smooth_stone":3,"minecraft:diamond_axe":1,"minecraft:coal":17,"minecraft:book":3,"minecraft:cobblestone":117,"minecraft:diamond_pickaxe":1},"minecraft:broken":{"minecraft:wooden_pickaxe":1},"minecraft:killed":{"minecraft:chicken":1},"minecraft:crafted":{"minecraft:iron_chestplate":1,"minecraft:shield":1,"minecraft:crafting_table":3,"minecraft:spruce_planks":56,"minecraft:stick":16,"minecraft:iron_helmet":1,"minecraft:wooden_pickaxe":2,"minecraft:stone_pickaxe":2,"minecraft:stone_sword":2,"minecraft:iron_leggings":1,"minecraft:furnace":2,"minecraft:torch":4,"minecraft:stone_axe":2},"minecraft:mined":{"minecraft:large_fern":3,"minecraft:podzol":1,"minecraft:smooth_stone":3,"minecraft:coarse_dirt":1,"minecraft:white_bed":2,"minecraft:sweet_berry_bush":12,"minecraft:spruce_log":18,"minecraft:crafting_table":2,"minecraft:grass":5,"minecraft:bookshelf":1,"minecraft:grass_block":2,"minecraft:coal_ore":17,"minecraft:dirt":25,"minecraft:tall_grass":3,"minecraft:spruce_leaves":7,"minecraft:stone":117,"minecraft:fern":1}},"DataVersion":2578}